county,county_norm,precinct_label,unmatched_rows,unmatched_vote_volume,years
Oakland,OAKLAND,Royal Oak City 19,6,9739,2008|2010|2012|2014|2016|2018
Washtenaw,WASHTENAW,Milan City 1W,6,9595,2008|2010|2012|2014|2016|2018
Genesee,GENESEE,Grand Blanc Township 10,6,9511,2008|2010|2012|2014|2016|2018
Washtenaw,WASHTENAW,Saline City 3,6,9505,2008|2010|2012|2014|2016|2018
Livingston,LIVINGSTON,Brighton Township 9,6,9472,2008|2010|2012|2014|2016|2018
Washtenaw,WASHTENAW,Scio Township 7,6,9390,2008|2010|2012|2014|2016|2018
Washtenaw,WASHTENAW,Ypsilanti Township 17,6,9231,2008|2010|2012|2014|2016|2018
Washtenaw,WASHTENAW,Scio Township 8,6,9090,2008|2010|2012|2014|2016|2018
Washtenaw,WASHTENAW,Ann Arbor City 11 Ward 5,6,9051,2008|2010|2012|2014|2016|2018
Clinton,CLINTON,De Witt City 2,6,9018,2008|2010|2012|2014|2016|2018
Ottawa,OTTAWA,Blendon Township 3,6,8661,2008|2010|2012|2014|2016|2018
Emmet,EMMET,Bear Creek Township 3,6,8637,2008|2010|2012|2014|2016|2018
Washtenaw,WASHTENAW,Ann Arbor City 3 Ward 3,6,8584,2008|2010|2012|2014|2016|2018
Washtenaw,WASHTENAW,Ypsilanti Township 19,6,8552,2008|2010|2012|2014|2016|2018
Calhoun,CALHOUN,Battle Creek City 8,6,8460,2008|2010|2012|2014|2016|2018
Berrien,BERRIEN,St. Joseph Township 1,6,8365,2008|2010|2012|2014|2016|2018
Oakland,OAKLAND,Royal Oak City 22,6,8341,2008|2010|2012|2014|2016|2018
Washtenaw,WASHTENAW,Ypsilanti Township 18,6,8229,2008|2010|2012|2014|2016|2018
Saginaw,SAGINAW,Bridgeport Township 4,6,8217,2008|2010|2012|2014|2016|2018
Washtenaw,WASHTENAW,Ann Arbor City 2 Ward 5,6,8173,2008|2010|2012|2014|2016|2018
Marquette,MARQUETTE,Marquette City 7,6,8137,2008|2010|2012|2014|2016|2018
Washtenaw,WASHTENAW,Ann Arbor City 10 Ward 5,6,8131,2008|2010|2012|2014|2016|2018
Isabella,ISABELLA,Mount Pleasant City 6,6,8087,2008|2010|2012|2014|2016|2018
Oakland,OAKLAND,Royal Oak City 20,6,7985,2008|2010|2012|2014|2016|2018
Washtenaw,WASHTENAW,Ann Arbor City 4 Ward 5,6,7975,2008|2010|2012|2014|2016|2018
Macomb,MACOMB,Clinton Township 44,6,7955,2008|2010|2012|2014|2016|2018
Washtenaw,WASHTENAW,Ann Arbor City 6 Ward 4,6,7889,2008|2010|2012|2014|2016|2018
Livingston,LIVINGSTON,Howell City 3,6,7888,2008|2010|2012|2014|2016|2018
Washtenaw,WASHTENAW,Ann Arbor City 9 Ward 4,6,7878,2008|2010|2012|2014|2016|2018
Macomb,MACOMB,Chesterfield Township 13,6,7865,2008|2010|2012|2014|2016|2018
Washtenaw,WASHTENAW,Ann Arbor City 9 Ward 5,6,7757,2008|2010|2012|2014|2016|2018
Washtenaw,WASHTENAW,Ann Arbor City 7 Ward 4,6,7743,2008|2010|2012|2014|2016|2018
St. Clair,ST. CLAIR,St. Clair Township 1,6,7734,2008|2010|2012|2014|2016|2018
Washtenaw,WASHTENAW,Ann Arbor City 9 Ward 2,6,7730,2008|2010|2012|2014|2016|2018
Calhoun,CALHOUN,Battle Creek City 6,6,7620,2008|2010|2012|2014|2016|2018
Wayne,WAYNE,Trenton City 5,6,7599,2008|2010|2012|2014|2016|2018
Wayne,WAYNE,Redford Township 25,6,7562,2008|2010|2012|2014|2016|2018
Washtenaw,WASHTENAW,Ann Arbor City 4 Ward 4,6,7526,2008|2010|2012|2014|2016|2018
Washtenaw,WASHTENAW,Ann Arbor City 9 Ward 1,6,7477,2008|2010|2012|2014|2016|2018
Saginaw,SAGINAW,Frankenmuth City 2,6,7472,2008|2010|2012|2014|2016|2018
Washtenaw,WASHTENAW,Ann Arbor Township 2,6,7469,2008|2010|2012|2014|2016|2018
Macomb,MACOMB,Clinton Township 46,6,7423,2008|2010|2012|2014|2016|2018
Oakland,OAKLAND,Royal Oak City 21,6,7363,2008|2010|2012|2014|2016|2018
Washtenaw,WASHTENAW,Ann Arbor City 7 Ward 2,6,7340,2008|2010|2012|2014|2016|2018
Macomb,MACOMB,St. Clair Shores City 23,6,7311,2008|2010|2012|2014|2016|2018
Kent,KENT,Plainfield Township 5,6,7302,2008|2010|2012|2014|2016|2018
Macomb,MACOMB,Harrison Township 7,6,7274,2008|2010|2012|2014|2016|2018
St. Clair,ST. CLAIR,St. Clair Township 2,6,7205,2008|2010|2012|2014|2016|2018
Washtenaw,WASHTENAW,Ann Arbor City 5 Ward 5,6,7198,2008|2010|2012|2014|2016|2018
Wayne,WAYNE,Redford Township 23,6,7188,2008|2010|2012|2014|2016|2018
Shiawassee,SHIAWASSEE,Owosso City 1 Ward 1,6,7162,2008|2010|2012|2014|2016|2018
Wayne,WAYNE,Lincoln Park City 16,6,7148,2008|2010|2012|2014|2016|2018
Macomb,MACOMB,Washington Township 9,6,7132,2008|2010|2012|2014|2016|2018
Washtenaw,WASHTENAW,Ann Arbor City 8 Ward 3,6,7067,2008|2010|2012|2014|2016|2018
Genesee,GENESEE,Grand Blanc Township 14,6,7051,2008|2010|2012|2014|2016|2018
Washtenaw,WASHTENAW,Ann Arbor City 10 Ward 1,6,7051,2008|2010|2012|2014|2016|2018
Oakland,OAKLAND,Berkley City 6,6,7036,2008|2010|2012|2014|2016|2018
Macomb,MACOMB,Washington Township 8,6,7035,2008|2010|2012|2014|2016|2018
Oakland,OAKLAND,Rochester Hills City 26 Ward 1,4,7023,2012|2014|2016|2018
Washtenaw,WASHTENAW,Ann Arbor City 6 Ward 2,6,7013,2008|2010|2012|2014|2016|2018
Kent,KENT,Wyoming City 21 Ward 3,6,7004,2008|2010|2012|2014|2016|2018
Wayne,WAYNE,Lincoln Park City 18,6,6956,2008|2010|2012|2014|2016|2018
Washtenaw,WASHTENAW,Ann Arbor City 5 Ward 3,6,6944,2008|2010|2012|2014|2016|2018
Washtenaw,WASHTENAW,Ann Arbor City 9 Ward 3,6,6943,2008|2010|2012|2014|2016|2018
Saginaw,SAGINAW,Taymouth Township 2,6,6940,2008|2010|2012|2014|2016|2018
Berrien,BERRIEN,Royalton Township 2,6,6927,2008|2010|2012|2014|2016|2018
Washtenaw,WASHTENAW,Ypsilanti Township 13,6,6896,2008|2010|2012|2014|2016|2018
Bay,BAY,Monitor Township 5,6,6889,2008|2010|2012|2014|2016|2018
Macomb,MACOMB,Chesterfield Township 11,6,6865,2008|2010|2012|2014|2016|2018
Washtenaw,WASHTENAW,Ypsilanti Township 20,6,6852,2008|2010|2012|2014|2016|2018
Washtenaw,WASHTENAW,Ypsilanti Township 14,6,6808,2008|2010|2012|2014|2016|2018
Genesee,GENESEE,Grand Blanc City 4,6,6799,2008|2010|2012|2014|2016|2018
Genesee,GENESEE,Linden City 2,6,6783,2008|2010|2012|2014|2016|2018
Genesee,GENESEE,Grand Blanc Township 15,6,6763,2008|2010|2012|2014|2016|2018
Kent,KENT,Grand Rapids Township 8,6,6735,2008|2010|2012|2014|2016|2018
Macomb,MACOMB,Sterling Heights City 45,6,6699,2008|2010|2012|2014|2016|2018
Genesee,GENESEE,Gaines Township 4,6,6637,2008|2010|2012|2014|2016|2018
Macomb,MACOMB,Chesterfield Township 14,6,6636,2008|2010|2012|2014|2016|2018
Washtenaw,WASHTENAW,Ann Arbor City 4 Ward 3,6,6617,2008|2010|2012|2014|2016|2018
Washtenaw,WASHTENAW,Ann Arbor City 5 Ward 2,6,6617,2008|2010|2012|2014|2016|2018
Kent,KENT,Grand Rapids Township 9,6,6597,2008|2010|2012|2014|2016|2018
Ingham,INGHAM,Mason City 3,6,6595,2008|2010|2012|2014|2016|2018
Wayne,WAYNE,Redford Township 24,6,6570,2008|2010|2012|2014|2016|2018
Isabella,ISABELLA,Mount Pleasant City 4,6,6534,2008|2010|2012|2014|2016|2018
Muskegon,MUSKEGON,Laketon Township 3,6,6459,2008|2010|2012|2014|2016|2018
Oakland,OAKLAND,Bloomfield Township 30,6,6457,2008|2010|2012|2014|2016|2018
Muskegon,MUSKEGON,North Muskegon City 2,6,6444,2008|2010|2012|2014|2016|2018
Washtenaw,WASHTENAW,Ann Arbor City 7 Ward 3,6,6444,2008|2010|2012|2014|2016|2018
Allegan,ALLEGAN,Allegan City 2,6,6422,2008|2010|2012|2014|2016|2018
Wayne,WAYNE,Lincoln Park City 2,6,6410,2008|2010|2012|2014|2016|2018
Marquette,MARQUETTE,Marquette City 6,6,6398,2008|2010|2012|2014|2016|2018
Ottawa,OTTAWA,Park Township 7,6,6389,2008|2010|2012|2014|2016|2018
Midland,MIDLAND,Midland City 4 Ward 3,6,6380,2008|2010|2012|2014|2016|2018
Oakland,OAKLAND,Rochester Hills City 17 Ward 1,4,6361,2012|2014|2016|2018
Wayne,WAYNE,Riverview City 4,6,6319,2008|2010|2012|2014|2016|2018
Newaygo,NEWAYGO,Brooks Township 2,6,6302,2008|2010|2012|2014|2016|2018
Oakland,OAKLAND,Royal Oak City 23,6,6254,2008|2010|2012|2014|2016|2018
Genesee,GENESEE,Fenton City 4,6,6249,2008|2010|2012|2014|2016|2018
Marquette,MARQUETTE,Marquette City 5,6,6243,2008|2010|2012|2014|2016|2018
Genesee,GENESEE,Grand Blanc City 3,6,6231,2008|2010|2012|2014|2016|2018
Wayne,WAYNE,Trenton City 7,6,6218,2008|2010|2012|2014|2016|2018
Macomb,MACOMB,Warren City 58 Ward 4,4,6217,2012|2014|2016|2018
Calhoun,CALHOUN,Battle Creek City 10,6,6204,2008|2010|2012|2014|2016|2018
Marquette,MARQUETTE,Negaunee City 2,6,6201,2008|2010|2012|2014|2016|2018
Washtenaw,WASHTENAW,Ann Arbor City 6 Ward 5,6,6201,2008|2010|2012|2014|2016|2018
Calhoun,CALHOUN,Battle Creek City 5,6,6190,2008|2010|2012|2014|2016|2018
Calhoun,CALHOUN,Battle Creek City 3,6,6171,2008|2010|2012|2014|2016|2018
Livingston,LIVINGSTON,Deerfield Township 2,6,6171,2008|2010|2012|2014|2016|2018
Emmet,EMMET,Resort Township 14,4,6166,2012|2014|2016|2018
Washtenaw,WASHTENAW,Ann Arbor City 8 Ward 1,6,6162,2008|2010|2012|2014|2016|2018
Oakland,OAKLAND,Waterford Township 24,6,6161,2008|2010|2012|2014|2016|2018
Shiawassee,SHIAWASSEE,Owosso City 1 Ward 2,6,6154,2008|2010|2012|2014|2016|2018
Midland,MIDLAND,Midland City 3 Ward 4,6,6149,2008|2010|2012|2014|2016|2018
Wayne,WAYNE,Redford Township 22,6,6146,2008|2010|2012|2014|2016|2018
Macomb,MACOMB,Macomb Township 30,6,6144,2008|2010|2012|2014|2016|2018
Washtenaw,WASHTENAW,Ann Arbor City 4 Ward 2,6,6129,2008|2010|2012|2014|2016|2018
Kent,KENT,East Grand Rapids City 2 Ward 1,6,6122,2008|2010|2012|2014|2016|2018
Bay,BAY,Kawkawlin Township 2,6,6106,2008|2010|2012|2014|2016|2018
Macomb,MACOMB,Warren City 49 Ward 3,4,6105,2012|2014|2016|2018
Kent,KENT,Sparta Township 3,6,6088,2008|2010|2012|2014|2016|2018
Saginaw,SAGINAW,Birch Run Township 3,6,6067,2008|2010|2012|2014|2016|2018
Washtenaw,WASHTENAW,Ann Arbor City 8 Ward 4,6,6050,2008|2010|2012|2014|2016|2018
Allegan,ALLEGAN,Gunplain Township 2,6,6048,2008|2010|2012|2014|2016|2018
Oakland,OAKLAND,Waterford Township 23,6,6046,2008|2010|2012|2014|2016|2018
Macomb,MACOMB,Harrison Township 9,6,6044,2008|2010|2012|2014|2016|2018
Calhoun,CALHOUN,Bedford Township 4,6,6014,2008|2010|2012|2014|2016|2018
Wayne,WAYNE,Lincoln Park City 14,6,5997,2008|2010|2012|2014|2016|2018
Shiawassee,SHIAWASSEE,Owosso City 3 Ward 2,6,5986,2008|2010|2012|2014|2016|2018
Washtenaw,WASHTENAW,Ann Arbor City 3 Ward 4,6,5980,2008|2010|2012|2014|2016|2018
Oakland,OAKLAND,Rochester Hills City 14 Ward 1,4,5980,2012|2014|2016|2018
Macomb,MACOMB,Sterling Heights City 41,6,5974,2008|2010|2012|2014|2016|2018
Muskegon,MUSKEGON,Norton Shores City 10 Ward 2,4,5965,2012|2014|2016|2018
Oakland,OAKLAND,Waterford Township 22,6,5950,2008|2010|2012|2014|2016|2018
Genesee,GENESEE,Flushing City 5,6,5943,2008|2010|2012|2014|2016|2018
Dickinson,DICKINSON,Iron Mountain City 1,6,5939,2008|2010|2012|2014|2016|2018
Oakland,OAKLAND,Waterford Township 25,6,5919,2008|2010|2012|2014|2016|2018
Wayne,WAYNE,Canton Township 38,6,5916,2008|2010|2012|2014|2016|2018
Ottawa,OTTAWA,Park Township 9,6,5914,2008|2010|2012|2014|2016|2018
Bay,BAY,Monitor Township 4,6,5911,2008|2010|2012|2014|2016|2018
Washtenaw,WASHTENAW,Ann Arbor City 8 Ward 2,6,5899,2008|2010|2012|2014|2016|2018
Washtenaw,WASHTENAW,Scio Township 6,6,5876,2008|2010|2012|2014|2016|2018
Isabella,ISABELLA,Union Township 3,6,5846,2008|2010|2012|2014|2016|2018
Calhoun,CALHOUN,Battle Creek City 20,6,5840,2008|2010|2012|2014|2016|2018
Washtenaw,WASHTENAW,Ann Arbor City 5 Ward 4,6,5840,2008|2010|2012|2014|2016|2018
Ottawa,OTTAWA,Coopersville City 2,6,5838,2008|2010|2012|2014|2016|2018
Oakland,OAKLAND,Berkley City 5,6,5835,2008|2010|2012|2014|2016|2018
Berrien,BERRIEN,St. Joseph Township 2,6,5824,2008|2010|2012|2014|2016|2018
Wayne,WAYNE,Canton Township 37,6,5808,2008|2010|2012|2014|2016|2018
Macomb,MACOMB,Warren City 27 Ward 4,4,5802,2012|2014|2016|2018
Midland,MIDLAND,Midland City 1 Ward 3,6,5783,2008|2010|2012|2014|2016|2018
Macomb,MACOMB,Macomb Township 32,6,5779,2008|2010|2012|2014|2016|2018
Muskegon,MUSKEGON,Norton Shores City 7 Ward 2,4,5765,2012|2014|2016|2018
Wayne,WAYNE,Canton Township 35,6,5760,2008|2010|2012|2014|2016|2018
Macomb,MACOMB,Clinton Township 45,6,5731,2008|2010|2012|2014|2016|2018
Oakland,OAKLAND,Rochester Hills City 6 Ward 1,4,5731,2012|2014|2016|2018
Dickinson,DICKINSON,Iron Mountain City 3,6,5720,2008|2010|2012|2014|2016|2018
Washtenaw,WASHTENAW,Scio Township 9,6,5720,2008|2010|2012|2014|2016|2018
Macomb,MACOMB,Warren City 47 Ward 1,4,5712,2012|2014|2016|2018
Macomb,MACOMB,Warren City 31 Ward 4,4,5707,2012|2014|2016|2018
Macomb,MACOMB,Warren City 51 Ward 3,4,5697,2012|2014|2016|2018
Midland,MIDLAND,Midland City 5 Ward 4,6,5690,2008|2010|2012|2014|2016|2018
Midland,MIDLAND,Midland City 2 Ward 2,6,5674,2008|2010|2012|2014|2016|2018
Macomb,MACOMB,Macomb Township 29,6,5662,2008|2010|2012|2014|2016|2018
Wayne,WAYNE,Redford Township 17,6,5662,2008|2010|2012|2014|2016|2018
Oakland,OAKLAND,Bloomfield Township 22,6,5657,2008|2010|2012|2014|2016|2018
Dickinson,DICKINSON,Iron Mountain City 2,6,5642,2008|2010|2012|2014|2016|2018
Washtenaw,WASHTENAW,Ann Arbor City 6 Ward 3,6,5629,2008|2010|2012|2014|2016|2018
Genesee,GENESEE,Thetford Township 4,6,5627,2008|2010|2012|2014|2016|2018
Kent,KENT,Caledonia Township 5,4,5619,2012|2014|2016|2018
Muskegon,MUSKEGON,Dalton Township 4,6,5605,2008|2010|2012|2014|2016|2018
Wayne,WAYNE,Lincoln Park City 10,6,5599,2008|2010|2012|2014|2016|2018
Washtenaw,WASHTENAW,York Township 3,6,5582,2008|2010|2012|2014|2016|2018
Midland,MIDLAND,Midland City 4 Ward 4,6,5581,2008|2010|2012|2014|2016|2018
Washtenaw,WASHTENAW,Ypsilanti Township 12,6,5578,2008|2010|2012|2014|2016|2018
Wayne,WAYNE,Trenton City 6,6,5569,2008|2010|2012|2014|2016|2018
Macomb,MACOMB,Macomb Township 34,6,5559,2008|2010|2012|2014|2016|2018
Wayne,WAYNE,Lincoln Park City 12,6,5556,2008|2010|2012|2014|2016|2018
Wayne,WAYNE,Redford Township 18,6,5521,2008|2010|2012|2014|2016|2018
Ionia,IONIA,Portland City 2,6,5515,2008|2010|2012|2014|2016|2018
Jackson,JACKSON,Jackson City 3 Ward 6,6,5499,2008|2010|2012|2014|2016|2018
Macomb,MACOMB,St. Clair Shores City 22,6,5462,2008|2010|2012|2014|2016|2018
Macomb,MACOMB,Sterling Heights City 44,6,5458,2008|2010|2012|2014|2016|2018
Midland,MIDLAND,Midland City 1 Ward 5,6,5454,2008|2010|2012|2014|2016|2018
Genesee,GENESEE,Fenton City 5,6,5452,2008|2010|2012|2014|2016|2018
Muskegon,MUSKEGON,Norton Shores City 5 Ward 1,4,5451,2012|2014|2016|2018
Branch,BRANCH,Quincy Township 2,6,5450,2008|2010|2012|2014|2016|2018
Oakland,OAKLAND,Madison Heights City 11,6,5442,2008|2010|2012|2014|2016|2018
Ingham,INGHAM,Lansing City 11 Ward 2,6,5440,2008|2010|2012|2014|2016|2018
Midland,MIDLAND,Midland City 3 Ward 5,6,5439,2008|2010|2012|2014|2016|2018
Calhoun,CALHOUN,Leroy Township 2,6,5402,2008|2010|2012|2014|2016|2018
Barry,BARRY,Irving Township 2,6,5394,2008|2010|2012|2014|2016|2018
Eaton,EATON,Charlotte City 1 Ward 1,6,5394,2008|2010|2012|2014|2016|2018
Washtenaw,WASHTENAW,Pittsfield Township 10,6,5387,2008|2010|2012|2014|2016|2018
Eaton,EATON,Charlotte City 2 Ward 2,6,5375,2008|2010|2012|2014|2016|2018
Ingham,INGHAM,Williamston City 2,6,5374,2008|2010|2012|2014|2016|2018
Wayne,WAYNE,Grosse Ile Township 4,6,5361,2008|2010|2012|2014|2016|2018
Macomb,MACOMB,Warren City 33 Ward 4,4,5350,2012|2014|2016|2018
Washtenaw,WASHTENAW,Ann Arbor City 5 Ward 1,6,5332,2008|2010|2012|2014|2016|2018
Oakland,OAKLAND,Madison Heights City 10,6,5327,2008|2010|2012|2014|2016|2018
Jackson,JACKSON,Jackson City 1 Ward 6,6,5320,2008|2010|2012|2014|2016|2018
Saginaw,SAGINAW,Buena Vista Township 5,6,5291,2008|2010|2012|2014|2016|2018
Macomb,MACOMB,Warren City 38 Ward 1,4,5287,2012|2014|2016|2018
Berrien,BERRIEN,Coloma Township 2,6,5279,2008|2010|2012|2014|2016|2018
Muskegon,MUSKEGON,Norton Shores City 8 Ward 2,4,5278,2012|2014|2016|2018
Genesee,GENESEE,Grand Blanc Township 13,6,5277,2008|2010|2012|2014|2016|2018
Oakland,OAKLAND,Waterford Township 27,6,5262,2008|2010|2012|2014|2016|2018
Macomb,MACOMB,Warren City 28 Ward 3,4,5248,2012|2014|2016|2018
Livingston,LIVINGSTON,Howell Township 3,6,5237,2008|2010|2012|2014|2016|2018
Midland,MIDLAND,Midland City 1 Ward 4,6,5237,2008|2010|2012|2014|2016|2018
Wayne,WAYNE,Lincoln Park City 8,6,5230,2008|2010|2012|2014|2016|2018
Macomb,MACOMB,Warren City 35 Ward 2,4,5190,2012|2014|2016|2018
Midland,MIDLAND,Midland City 1 Ward 2,6,5185,2008|2010|2012|2014|2016|2018
Genesee,GENESEE,Flint Township 14,6,5181,2008|2010|2012|2014|2016|2018
Oakland,OAKLAND,Pontiac City 1 Ward 1,4,5176,2012|2014|2016|2018
Macomb,MACOMB,Sterling Heights City 24,6,5169,2008|2010|2012|2014|2016|2018
Washtenaw,WASHTENAW,Ypsilanti City 3 Ward 3,6,5168,2008|2010|2012|2014|2016|2018
Ottawa,OTTAWA,Park Township 10,6,5145,2008|2010|2012|2014|2016|2018
Muskegon,MUSKEGON,Norton Shores City 9 Ward 2,4,5127,2012|2014|2016|2018
Macomb,MACOMB,Warren City 41 Ward 2,4,5122,2012|2014|2016|2018
Calhoun,CALHOUN,Battle Creek City 23,6,5104,2008|2010|2012|2014|2016|2018
Macomb,MACOMB,Warren City 14 Ward 3,4,5099,2012|2014|2016|2018
Genesee,GENESEE,Mount Morris Township 14,6,5098,2008|2010|2012|2014|2016|2018
Wayne,WAYNE,Huron Township 5,6,5098,2008|2010|2012|2014|2016|2018
Calhoun,CALHOUN,Battle Creek City 11,6,5097,2008|2010|2012|2014|2016|2018
Tuscola,TUSCOLA,Elkland Township 2,6,5096,2008|2010|2012|2014|2016|2018
Macomb,MACOMB,Warren City 50 Ward 4,4,5095,2012|2014|2016|2018
Macomb,MACOMB,Macomb Township 35,6,5082,2008|2010|2012|2014|2016|2018
Lapeer,LAPEER,Dryden Township 2,4,5072,2012|2014|2016|2018
Midland,MIDLAND,Midland City 5 Ward 5,6,5066,2008|2010|2012|2014|2016|2018
Wayne,WAYNE,Redford Township 20,6,5055,2008|2010|2012|2014|2016|2018
Kent,KENT,Grand Rapids City 50 Ward 2,4,5046,2012|2014|2016|2018
Washtenaw,WASHTENAW,Ann Arbor City 2 Ward 3,6,5042,2008|2010|2012|2014|2016|2018
Sanilac,SANILAC,Worth Township 2,6,5039,2008|2010|2012|2014|2016|2018
Tuscola,TUSCOLA,Millington Township 2,6,5033,2008|2010|2012|2014|2016|2018
Washtenaw,WASHTENAW,Ann Arbor City 2 Ward 2,6,5032,2008|2010|2012|2014|2016|2018
Berrien,BERRIEN,St. Joseph Township 3,6,5012,2008|2010|2012|2014|2016|2018
Barry,BARRY,Barry Township 2,6,5009,2008|2010|2012|2014|2016|2018
Washtenaw,WASHTENAW,Ypsilanti Township 15,6,5004,2008|2010|2012|2014|2016|2018
Wayne,WAYNE,Grosse Pointe Shores City 1,5,5002,2010|2012|2014|2016|2018
Washtenaw,WASHTENAW,Ann Arbor City 4 Ward 1,6,4995,2008|2010|2012|2014|2016|2018
Macomb,MACOMB,Sterling Heights City 16,6,4992,2008|2010|2012|2014|2016|2018
Genesee,GENESEE,Grand Blanc Township 3,6,4984,2008|2010|2012|2014|2016|2018
Emmet,EMMET,Petoskey City 3,6,4974,2008|2010|2012|2014|2016|2018
Midland,MIDLAND,Midland City 3 Ward 3,6,4954,2008|2010|2012|2014|2016|2018
Midland,MIDLAND,Midland City 4 Ward 5,6,4953,2008|2010|2012|2014|2016|2018
Muskegon,MUSKEGON,Muskegon Township 5,6,4948,2008|2010|2012|2014|2016|2018
Livingston,LIVINGSTON,Hamburg Township 8,6,4942,2008|2010|2012|2014|2016|2018
Eaton,EATON,Charlotte City 1 Ward 2,6,4939,2008|2010|2012|2014|2016|2018
Wayne,WAYNE,Woodhaven City 7,6,4938,2008|2010|2012|2014|2016|2018
Macomb,MACOMB,Warren City 22 Ward 5,4,4919,2012|2014|2016|2018
Livingston,LIVINGSTON,Brighton Township 8,6,4918,2008|2010|2012|2014|2016|2018
Macomb,MACOMB,Warren City 32 Ward 3,4,4917,2012|2014|2016|2018
Ingham,INGHAM,Vevay Township 2,6,4906,2008|2010|2012|2014|2016|2018
Wayne,WAYNE,Sumpter Township 6,6,4888,2008|2010|2012|2014|2016|2018
Macomb,MACOMB,Harrison Township 10,6,4886,2008|2010|2012|2014|2016|2018
Macomb,MACOMB,Warren City 20 Ward 2,4,4883,2012|2014|2016|2018
Macomb,MACOMB,Macomb Township 25,6,4877,2008|2010|2012|2014|2016|2018
Midland,MIDLAND,Midland City 2 Ward 3,6,4876,2008|2010|2012|2014|2016|2018
Calhoun,CALHOUN,Battle Creek City 21,6,4869,2008|2010|2012|2014|2016|2018
Shiawassee,SHIAWASSEE,Owosso City 2 Ward 2,6,4865,2008|2010|2012|2014|2016|2018
Wayne,WAYNE,Grosse Ile Township 5,6,4861,2008|2010|2012|2014|2016|2018
Kent,KENT,Grand Rapids City 24 Ward 1,6,4852,2008|2010|2012|2014|2016|2018
Macomb,MACOMB,Macomb Township 27,6,4851,2008|2010|2012|2014|2016|2018
Midland,MIDLAND,Midland City 2 Ward 5,6,4824,2008|2010|2012|2014|2016|2018
St. Clair,ST. CLAIR,Marine City 2,6,4819,2008|2010|2012|2014|2016|2018
Wayne,WAYNE,Lincoln Park City 6,6,4814,2008|2010|2012|2014|2016|2018
Oakland,OAKLAND,Berkley City 7,4,4807,2012|2014|2016|2018
Oakland,OAKLAND,Bloomfield Township 19,6,4785,2008|2010|2012|2014|2016|2018
Oakland,OAKLAND,Rochester Hills City 9 Ward 1,3,4785,2014|2016|2018
Berrien,BERRIEN,Hagar Township 2,6,4775,2008|2010|2012|2014|2016|2018
Wayne,WAYNE,Canton Township 36,6,4765,2008|2010|2012|2014|2016|2018
Genesee,GENESEE,Mundy Township 8,6,4763,2008|2010|2012|2014|2016|2018
Ottawa,OTTAWA,Holland City 2 Ward 1,6,4748,2008|2010|2012|2014|2016|2018
Oakland,OAKLAND,Pleasant Ridge City 2,6,4743,2008|2010|2012|2014|2016|2018
Genesee,GENESEE,Flint Township 15,6,4738,2008|2010|2012|2014|2016|2018
Macomb,MACOMB,Utica City 3,6,4733,2008|2010|2012|2014|2016|2018
Genesee,GENESEE,Grand Blanc Township 11,6,4726,2008|2010|2012|2014|2016|2018
St. Clair,ST. CLAIR,East China Township 2,6,4725,2008|2010|2012|2014|2016|2018
Saginaw,SAGINAW,Bridgeport Township 5,6,4721,2008|2010|2012|2014|2016|2018
Muskegon,MUSKEGON,Roosevelt Park City 2,6,4703,2008|2010|2012|2014|2016|2018
Midland,MIDLAND,Midland City 2 Ward 4,6,4697,2008|2010|2012|2014|2016|2018
Macomb,MACOMB,Chesterfield Township 12,6,4691,2008|2010|2012|2014|2016|2018
Macomb,MACOMB,Warren City 3 Ward 5,4,4685,2012|2014|2016|2018
Kent,KENT,Wyoming City 22 Ward 3,6,4678,2008|2010|2012|2014|2016|2018
Wayne,WAYNE,Lincoln Park City 20,6,4677,2008|2010|2012|2014|2016|2018
Macomb,MACOMB,Harrison Township 8,6,4673,2008|2010|2012|2014|2016|2018
Genesee,GENESEE,Thetford Township 3,6,4665,2008|2010|2012|2014|2016|2018
Genesee,GENESEE,Flint Township 12,6,4658,2008|2010|2012|2014|2016|2018
Shiawassee,SHIAWASSEE,Owosso City 1 Ward 6,6,4653,2008|2010|2012|2014|2016|2018
Muskegon,MUSKEGON,Muskegon Township 6,6,4622,2008|2010|2012|2014|2016|2018
Livingston,LIVINGSTON,Genoa Township 10,6,4614,2008|2010|2012|2014|2016|2018
Oakland,OAKLAND,Pontiac City 11 Ward 4,4,4610,2012|2014|2016|2018
Eaton,EATON,Delta Township 10,4,4609,2012|2014|2016|2018
Berrien,BERRIEN,Benton Harbor City 3,6,4597,2008|2010|2012|2014|2016|2018
Oakland,OAKLAND,Bloomfield Township 21,6,4594,2008|2010|2012|2014|2016|2018
Macomb,MACOMB,Utica City 2,6,4589,2008|2010|2012|2014|2016|2018
Jackson,JACKSON,Jackson City 3 Ward 4,6,4586,2008|2010|2012|2014|2016|2018
Macomb,MACOMB,Warren City 55 Ward 2,4,4584,2012|2014|2016|2018
Ingham,INGHAM,Lansing City 29 Ward 3,4,4583,2012|2014|2016|2018
Emmet,EMMET,Petoskey City 2,6,4548,2008|2010|2012|2014|2016|2018
Berrien,BERRIEN,Benton Harbor City 1,6,4532,2008|2010|2012|2014|2016|2018
Ingham,INGHAM,Lansing City 33 Ward 4,4,4519,2012|2014|2016|2018
Genesee,GENESEE,Flint Township 9,6,4518,2008|2010|2012|2014|2016|2018
Wayne,WAYNE,Lincoln Park City 22,6,4516,2008|2010|2012|2014|2016|2018
Wayne,WAYNE,Canton Township 34,6,4497,2008|2010|2012|2014|2016|2018
Macomb,MACOMB,Macomb Township 33,6,4493,2008|2010|2012|2014|2016|2018
Oakland,OAKLAND,Pontiac City 15 Ward 5,4,4487,2012|2014|2016|2018
Montcalm,MONTCALM,Reynolds Township 2,6,4480,2008|2010|2012|2014|2016|2018
Genesee,GENESEE,Mundy Township 9,6,4466,2008|2010|2012|2014|2016|2018
Livingston,LIVINGSTON,Brighton City 4,6,4458,2008|2010|2012|2014|2016|2018
Ingham,INGHAM,Lansing City 31 Ward 3,4,4456,2012|2014|2016|2018
Genesee,GENESEE,Flint City 56 Ward 8,4,4445,2012|2014|2016|2018
Berrien,BERRIEN,Benton Harbor City 4,6,4437,2008|2010|2012|2014|2016|2018
Wayne,WAYNE,Southgate City 12,6,4427,2008|2010|2012|2014|2016|2018
Eaton,EATON,Oneida Township 2,6,4420,2008|2010|2012|2014|2016|2018
Bay,BAY,Monitor Township 6,6,4418,2008|2010|2012|2014|2016|2018
Macomb,MACOMB,Macomb Township 28,6,4417,2008|2010|2012|2014|2016|2018
Ionia,IONIA,Boston Township 3,6,4409,2008|2010|2012|2014|2016|2018
Berrien,BERRIEN,Niles City 4,4,4405,2008|2010|2016|2018
Shiawassee,SHIAWASSEE,Venice Township 2,6,4402,2008|2010|2012|2014|2016|2018
Macomb,MACOMB,Warren City 43 Ward 2,4,4398,2012|2014|2016|2018
Oakland,OAKLAND,Pontiac City 21 Ward 7,4,4396,2012|2014|2016|2018
Macomb,MACOMB,Warren City 36 Ward 2,4,4365,2012|2014|2016|2018
Ingham,INGHAM,Stockbridge Township 2,6,4359,2008|2010|2012|2014|2016|2018
Muskegon,MUSKEGON,Muskegon City 12 Ward 4,4,4354,2012|2014|2016|2018
Ingham,INGHAM,Lansing City 41 Ward 4,4,4351,2012|2014|2016|2018
Macomb,MACOMB,Warren City 54 Ward 3,4,4350,2012|2014|2016|2018
Muskegon,MUSKEGON,Norton Shores City 6 Ward 2,4,4338,2012|2014|2016|2018
Eaton,EATON,Lansing City 023 Ward 3,4,4337,2012|2014|2016|2018
Washtenaw,WASHTENAW,Ann Arbor City 3 Ward 5,6,4332,2008|2010|2012|2014|2016|2018
Kent,KENT,East Grand Rapids City 3 Ward 2,4,4332,2012|2014|2016|2018
Washtenaw,WASHTENAW,Ann Arbor City 8 Ward 5,6,4331,2008|2010|2012|2014|2016|2018
Oakland,OAKLAND,Huntington Woods City 5,6,4330,2008|2010|2012|2014|2016|2018
Muskegon,MUSKEGON,Norton Shores City 2 Ward 1,4,4320,2012|2014|2016|2018
Genesee,GENESEE,Flint City 49 Ward 7,4,4316,2012|2014|2016|2018
Kalamazoo,KALAMAZOO,Comstock Township 8,6,4312,2008|2010|2012|2014|2016|2018
Kent,KENT,Ada Township 7,6,4312,2008|2010|2012|2014|2016|2018
Oakland,OAKLAND,Rochester Hills City 25 Ward 1,3,4312,2014|2016|2018
Washtenaw,WASHTENAW,Ann Arbor City 1 Ward 3,6,4303,2008|2010|2012|2014|2016|2018
Kent,KENT,Tyrone Township 2,6,4300,2008|2010|2012|2014|2016|2018
Oakland,OAKLAND,Bloomfield Township 32,6,4300,2008|2010|2012|2014|2016|2018
Washtenaw,WASHTENAW,Ann Arbor City 1 Ward 1,6,4299,2008|2010|2012|2014|2016|2018
Macomb,MACOMB,St. Clair Shores City 24,3,4297,2008|2010|2012
Washtenaw,WASHTENAW,Ann Arbor City 7 Ward 5,6,4293,2008|2010|2012|2014|2016|2018
Oakland,OAKLAND,Pontiac City 3 Ward 1,4,4285,2012|2014|2016|2018
Midland,MIDLAND,Jerome Township 4,6,4280,2008|2010|2012|2014|2016|2018
Ingham,INGHAM,Lansing City 21 Ward 2,4,4273,2012|2014|2016|2018
Macomb,MACOMB,Warren City 57 Ward 2,4,4264,2012|2014|2016|2018
Oakland,OAKLAND,Waterford Township 28,6,4257,2008|2010|2012|2014|2016|2018
Oakland,OAKLAND,Waterford Township 29,6,4250,2008|2010|2012|2014|2016|2018
Macomb,MACOMB,Macomb Township 26,6,4238,2008|2010|2012|2014|2016|2018
Macomb,MACOMB,Warren City 6 Ward 1,4,4238,2012|2014|2016|2018
Washtenaw,WASHTENAW,Ypsilanti City 2 Ward 2,6,4233,2008|2010|2012|2014|2016|2018
Midland,MIDLAND,Midland City 4 Ward 1,6,4229,2008|2010|2012|2014|2016|2018
Saginaw,SAGINAW,St. Charles Township 2,6,4195,2008|2010|2012|2014|2016|2018
St. Clair,ST. CLAIR,Clay Township 3,6,4194,2008|2010|2012|2014|2016|2018
Calhoun,CALHOUN,Battle Creek City 22,6,4185,2008|2010|2012|2014|2016|2018
Kent,KENT,East Grand Rapids City 6 Ward 3,4,4185,2012|2014|2016|2018
Calhoun,CALHOUN,Battle Creek City 17,6,4179,2008|2010|2012|2014|2016|2018
Kent,KENT,East Grand Rapids City 5 Ward 3,4,4178,2012|2014|2016|2018
Oakland,OAKLAND,Rochester Hills City 12 Ward 1,3,4166,2014|2016|2018
Macomb,MACOMB,Warren City 1 Ward 1,4,4163,2012|2014|2016|2018
Genesee,GENESEE,Mount Morris Township 15,6,4162,2008|2010|2012|2014|2016|2018
Oakland,OAKLAND,Bloomfield Township 20,6,4160,2008|2010|2012|2014|2016|2018
Allegan,ALLEGAN,Douglas City 1,6,4153,2008|2010|2012|2014|2016|2018
Kalkaska,KALKASKA,Cold Springs Township 1,6,4129,2008|2010|2012|2014|2016|2018
Muskegon,MUSKEGON,Norton Shores City 4 Ward 1,4,4124,2012|2014|2016|2018
Oakland,OAKLAND,Waterford Township 26,6,4120,2008|2010|2012|2014|2016|2018
Eaton,EATON,Charlotte City 2 Ward 1,6,4110,2008|2010|2012|2014|2016|2018
Macomb,MACOMB,Warren City 44 Ward 2,4,4110,2012|2014|2016|2018
Monroe,MONROE,Erie Township 2,6,4104,2008|2010|2012|2014|2016|2018
Macomb,MACOMB,Warren City 23 Ward 5,4,4100,2012|2014|2016|2018
Oakland,OAKLAND,Bloomfield Township 26,6,4091,2008|2010|2012|2014|2016|2018
Ottawa,OTTAWA,Wright Township 2,6,4088,2008|2010|2012|2014|2016|2018
Ingham,INGHAM,Lansing City 19 Ward 2,4,4086,2012|2014|2016|2018
Oakland,OAKLAND,Rochester Hills City 30 Ward 1,3,4077,2014|2016|2018
Lenawee,LENAWEE,Tecumseh City 4 Ward 1,4,4047,2012|2014|2016|2018
Kent,KENT,Ada Township 8,6,4045,2008|2010|2012|2014|2016|2018
Muskegon,MUSKEGON,Muskegon City 10 Ward 3,4,4039,2012|2014|2016|2018
Jackson,JACKSON,Jackson City 2 Ward 1,6,4037,2008|2010|2012|2014|2016|2018
Roscommon,ROSCOMMON,Richfield Township 2,6,4028,2008|2010|2012|2014|2016|2018
Kent,KENT,Grand Rapids City 49 Ward 2,4,4021,2012|2014|2016|2018
Oakland,OAKLAND,Pontiac City 16 Ward 6,4,4017,2012|2014|2016|2018
Jackson,JACKSON,Jackson City 2 Ward 3,6,4009,2008|2010|2012|2014|2016|2018
Berrien,BERRIEN,Lincoln Township 6,6,4005,2008|2010|2012|2014|2016|2018
Oakland,OAKLAND,Farmington City 2 Ward 1,4,4004,2012|2014|2016|2018
Ottawa,OTTAWA,Park Township 8,6,3983,2008|2010|2012|2014|2016|2018
Kent,KENT,East Grand Rapids City 4 Ward 2,4,3978,2012|2014|2016|2018
Oakland,OAKLAND,Rochester Hills City 16 Ward 1,3,3967,2014|2016|2018
Genesee,GENESEE,Davison City 3,6,3963,2008|2010|2012|2014|2016|2018
Washtenaw,WASHTENAW,Ann Arbor City 7 Ward 1,6,3952,2008|2010|2012|2014|2016|2018
Oakland,OAKLAND,Royal Oak City 24,6,3951,2008|2010|2012|2014|2016|2018
Calhoun,CALHOUN,Battle Creek City 2,6,3949,2008|2010|2012|2014|2016|2018
Oakland,OAKLAND,Pontiac City 20 Ward 7,4,3949,2012|2014|2016|2018
Wayne,WAYNE,Taylor City 26,6,3947,2008|2010|2012|2014|2016|2018
Genesee,GENESEE,Flint Township 13,6,3935,2008|2010|2012|2014|2016|2018
Saginaw,SAGINAW,Saginaw City 19,4,3923,2008|2010|2012|2014
Barry,BARRY,Prairieville Township 2,6,3918,2008|2010|2012|2014|2016|2018
Macomb,MACOMB,Mount Clemens City 5,6,3909,2008|2010|2012|2014|2016|2018
Wayne,WAYNE,Belleville City 2,6,3899,2008|2010|2012|2014|2016|2018
Oakland,OAKLAND,Pontiac City 19 Ward 7,4,3895,2012|2014|2016|2018
Wayne,WAYNE,Lincoln Park City 4,6,3890,2008|2010|2012|2014|2016|2018
Eaton,EATON,Delta Township 9,4,3887,2012|2014|2016|2018
Lapeer,LAPEER,Hadley Township 2,4,3878,2012|2014|2016|2018
Washtenaw,WASHTENAW,Ann Arbor City 3 Ward 2,6,3872,2008|2010|2012|2014|2016|2018
Oakland,OAKLAND,Rochester Hills City 1 Ward 1,3,3872,2014|2016|2018
Washtenaw,WASHTENAW,Ann Arbor City 6 Ward 1,6,3865,2008|2010|2012|2014|2016|2018
Ingham,INGHAM,Lansing City 7 Ward 1,4,3851,2012|2014|2016|2018
Genesee,GENESEE,Flint City 40 Ward 6,4,3848,2012|2014|2016|2018
Isabella,ISABELLA,Mount Pleasant City 5,6,3839,2008|2010|2012|2014|2016|2018
Oakland,OAKLAND,Pontiac City 13 Ward 5,4,3830,2012|2014|2016|2018
Macomb,MACOMB,Warren City 45 Ward 2,4,3822,2012|2014|2016|2018
Genesee,GENESEE,Flint City 45 Ward 7,4,3804,2012|2014|2016|2018
Tuscola,TUSCOLA,Vassar Township 2,6,3802,2008|2010|2012|2014|2016|2018
Wayne,WAYNE,Taylor City 30,6,3800,2008|2010|2012|2014|2016|2018
Wayne,WAYNE,Flat Rock City 4,6,3787,2008|2010|2012|2014|2016|2018
Wayne,WAYNE,Lincoln Park City 24,6,3776,2008|2010|2012|2014|2016|2018
Washtenaw,WASHTENAW,Ann Arbor City 1 Ward 4,6,3771,2008|2010|2012|2014|2016|2018
Wayne,WAYNE,Flat Rock City 5,6,3771,2008|2010|2012|2014|2016|2018
Oakland,OAKLAND,Bloomfield Township 24,6,3769,2008|2010|2012|2014|2016|2018
Washtenaw,WASHTENAW,Ypsilanti City 3 Ward 2,6,3764,2008|2010|2012|2014|2016|2018
Calhoun,CALHOUN,Battle Creek City 12,6,3756,2008|2010|2012|2014|2016|2018
Wayne,WAYNE,Redford Township 19,6,3756,2008|2010|2012|2014|2016|2018
Kent,KENT,Wyoming City 10 Ward 2,6,3743,2008|2010|2012|2014|2016|2018
Oakland,OAKLAND,Rochester Hills City 22 Ward 1,4,3743,2012|2014|2016|2018
Macomb,MACOMB,Warren City 15 Ward 4,4,3736,2012|2014|2016|2018
Washtenaw,WASHTENAW,Ann Arbor City 1 Ward 2,6,3731,2008|2010|2012|2014|2016|2018
Muskegon,MUSKEGON,Norton Shores City 3 Ward 1,4,3730,2012|2014|2016|2018
Muskegon,MUSKEGON,Muskegon City 11 Ward 4,4,3716,2012|2014|2016|2018
Oakland,OAKLAND,Pontiac City 6 Ward 2,4,3716,2012|2014|2016|2018
Wayne,WAYNE,Northville Township 14,4,3709,2008|2010|2012|2014
Jackson,JACKSON,Jackson City 1 Ward 2,6,3705,2008|2010|2012|2014|2016|2018
Calhoun,CALHOUN,Battle Creek City 15,4,3704,2012|2014|2016|2018
Wayne,WAYNE,Taylor City 31,6,3701,2008|2010|2012|2014|2016|2018
Emmet,EMMET,Petoskey City 1,6,3693,2008|2010|2012|2014|2016|2018
Macomb,MACOMB,Warren City 17 Ward 4,4,3684,2012|2014|2016|2018
Muskegon,MUSKEGON,Muskegon City 14 Ward 4,4,3675,2012|2014|2016|2018
Genesee,GENESEE,Flushing Township 7,6,3674,2008|2010|2012|2014|2016|2018
Oakland,OAKLAND,Bloomfield Township 23,6,3672,2008|2010|2012|2014|2016|2018
Wayne,WAYNE,Canton Township 39,6,3669,2008|2010|2012|2014|2016|2018
Jackson,JACKSON,Jackson City 2 Ward 6,6,3668,2008|2010|2012|2014|2016|2018
Wayne,WAYNE,Taylor City 29,6,3659,2008|2010|2012|2014|2016|2018
Oakland,OAKLAND,Farmington City 6 Ward 1,4,3656,2012|2014|2016|2018
Ingham,INGHAM,Lansing City 42 Ward 4,4,3651,2012|2014|2016|2018
Oakland,OAKLAND,Pontiac City 12 Ward 4,4,3632,2012|2014|2016|2018
Macomb,MACOMB,Warren City 46 Ward 1,4,3624,2012|2014|2016|2018
Presque Isle,PRESQUE ISLE,Rogers City 2,6,3620,2008|2010|2012|2014|2016|2018
Lenawee,LENAWEE,Tecumseh City 3 Ward 1,4,3618,2012|2014|2016|2018
Macomb,MACOMB,Warren City 52 Ward 3,4,3618,2012|2014|2016|2018
Kent,KENT,Grand Rapids Township 7,6,3611,2008|2010|2012|2014|2016|2018
Washtenaw,WASHTENAW,Ann Arbor City 1 Ward 5,6,3594,2008|2010|2012|2014|2016|2018
Macomb,MACOMB,Warren City 19 Ward 1,4,3586,2012|2014|2016|2018
Oakland,OAKLAND,Rochester Hills City 5 Ward 1,3,3582,2014|2016|2018
Genesee,GENESEE,Davison City 4,6,3575,2008|2010|2012|2014|2016|2018
Isabella,ISABELLA,Coe Township 2,6,3561,2008|2010|2012|2014|2016|2018
Muskegon,MUSKEGON,Muskegon City 13 Ward 4,4,3558,2012|2014|2016|2018
Calhoun,CALHOUN,Springfield City 2,6,3554,2008|2010|2012|2014|2016|2018
Calhoun,CALHOUN,Battle Creek City 16,6,3544,2008|2010|2012|2014|2016|2018
Oakland,OAKLAND,Rochester Hills City 23 Ward 1,4,3542,2012|2014|2016|2018
Genesee,GENESEE,Flint Township 10,6,3537,2008|2010|2012|2014|2016|2018
Isabella,ISABELLA,Mount Pleasant City 7,6,3534,2008|2010|2012|2014|2016|2018
Oakland,OAKLAND,Farmington City 3 Ward 1,4,3532,2012|2014|2016|2018
Cass,CASS,Howard Township 3,6,3529,2008|2010|2012|2014|2016|2018
Muskegon,MUSKEGON,Muskegon Township 7,6,3506,2008|2010|2012|2014|2016|2018
Macomb,MACOMB,Macomb Township 31,6,3497,2008|2010|2012|2014|2016|2018
Oakland,OAKLAND,Bloomfield Township 29,6,3496,2008|2010|2012|2014|2016|2018
Macomb,MACOMB,Warren City 9 Ward 5,4,3485,2012|2014|2016|2018
Macomb,MACOMB,Warren City 37 Ward 2,4,3483,2012|2014|2016|2018
Macomb,MACOMB,Warren City 4 Ward 5,4,3482,2012|2014|2016|2018
Calhoun,CALHOUN,Battle Creek City 13,6,3467,2008|2010|2012|2014|2016|2018
Oakland,OAKLAND,Rochester Hills City 21 Ward 1,3,3459,2014|2016|2018
Kent,KENT,Grand Rapids City 77 Ward 3,4,3458,2012|2014|2016|2018
St. Clair,ST. CLAIR,Burtchville Township 1,6,3446,2008|2010|2012|2014|2016|2018
Berrien,BERRIEN,Niles City 2,4,3422,2008|2010|2016|2018
Oakland,OAKLAND,Farmington City 4 Ward 1,4,3419,2012|2014|2016|2018
Jackson,JACKSON,Jackson City 2 Ward 4,6,3410,2008|2010|2012|2014|2016|2018
Genesee,GENESEE,Mount Morris Township 13,6,3408,2008|2010|2012|2014|2016|2018
Genesee,GENESEE,Flint City 60 Ward 9,4,3408,2012|2014|2016|2018
Oakland,OAKLAND,Rochester Hills City 24 Ward 1,3,3402,2014|2016|2018
Ingham,INGHAM,Alaiedon Township 3,6,3398,2008|2010|2012|2014|2016|2018
Genesee,GENESEE,Mount Morris Township 10,6,3394,2008|2010|2012|2014|2016|2018
Muskegon,MUSKEGON,Muskegon City 7 Ward 2,4,3389,2012|2014|2016|2018
Emmet,EMMET,Petoskey City 4,6,3375,2008|2010|2012|2014|2016|2018
Calhoun,CALHOUN,Battle Creek City 4,6,3359,2008|2010|2012|2014|2016|2018
Genesee,GENESEE,Mount Morris Township 12,6,3357,2008|2010|2012|2014|2016|2018
Genesee,GENESEE,Flint City 57 Ward 9,4,3352,2012|2014|2016|2018
Oakland,OAKLAND,Pontiac City 5 Ward 2,4,3346,2012|2014|2016|2018
Wayne,WAYNE,Wayne City 8,4,3346,2008|2010|2012|2014
Lapeer,LAPEER,Lapeer City 1 Ward 1,4,3343,2012|2014|2016|2018
Genesee,GENESEE,Flint City 50 Ward 7,4,3338,2012|2014|2016|2018
Calhoun,CALHOUN,Battle Creek City 1,6,3333,2008|2010|2012|2014|2016|2018
Eaton,EATON,Eaton Township 2,6,3322,2008|2010|2012|2014|2016|2018
Oakland,OAKLAND,Pontiac City 4 Ward 2,4,3318,2012|2014|2016|2018
Oakland,OAKLAND,Independence Township 14,3,3303,2008|2010|2012
Macomb,MACOMB,Warren City 53 Ward 3,4,3302,2012|2014|2016|2018
Clare,CLARE,Grant Township 0B,4,3296,2008|2010|2012|2014
Genesee,GENESEE,Flint City 4 Ward 1,4,3287,2012|2014|2016|2018
Oakland,OAKLAND,Rochester Hills City 32 Ward 1,3,3282,2014|2016|2018
Jackson,JACKSON,Jackson City 1 Ward 4,6,3277,2008|2010|2012|2014|2016|2018
Wayne,WAYNE,Grosse Pointe Shores City 2,5,3275,2010|2012|2014|2016|2018
Saginaw,SAGINAW,Saginaw City 20,4,3260,2008|2010|2012|2014
Saginaw,SAGINAW,Saginaw City 17,4,3256,2008|2010|2012|2014
Jackson,JACKSON,Jackson City 3 Ward 3,6,3245,2008|2010|2012|2014|2016|2018
Macomb,MACOMB,Warren City 8 Ward 5,4,3226,2012|2014|2016|2018
Oakland,OAKLAND,Farmington City 5 Ward 1,4,3208,2012|2014|2016|2018
Oakland,OAKLAND,Clarkston City 1,6,3204,2008|2010|2012|2014|2016|2018
Washtenaw,WASHTENAW,Ann Arbor City 2 Ward 1,6,3204,2008|2010|2012|2014|2016|2018
Macomb,MACOMB,Warren City 5 Ward 1,4,3190,2012|2014|2016|2018
Genesee,GENESEE,Flint City 22 Ward 4,4,3174,2012|2014|2016|2018
Muskegon,MUSKEGON,Muskegon City 9 Ward 3,4,3173,2012|2014|2016|2018
Wayne,WAYNE,Southgate City 13,6,3166,2008|2010|2012|2014|2016|2018
Kent,KENT,Wyoming City 11 Ward 2,6,3163,2008|2010|2012|2014|2016|2018
Macomb,MACOMB,Roseville City 21,3,3128,2008|2010|2012
Wayne,WAYNE,Highland Park City 14,6,3127,2008|2010|2012|2014|2016|2018
Macomb,MACOMB,Chesterfield Township 18,3,3122,2008|2010|2012
Genesee,GENESEE,Flint City 29 Ward 5,4,3102,2012|2014|2016|2018
Wayne,WAYNE,Redford Township 21,6,3099,2008|2010|2012|2014|2016|2018
Saginaw,SAGINAW,Buena Vista Township 4,6,3085,2008|2010|2012|2014|2016|2018
Oakland,OAKLAND,Pontiac City 8 Ward 3,4,3084,2012|2014|2016|2018
Genesee,GENESEE,Flint City 51 Ward 8,4,3082,2012|2014|2016|2018
Oakland,OAKLAND,Pontiac City 2 Ward 1,4,3079,2012|2014|2016|2018
Berrien,BERRIEN,Benton Harbor City 2,6,3068,2008|2010|2012|2014|2016|2018
Oakland,OAKLAND,Farmington City 1 Ward 1,4,3065,2012|2014|2016|2018
Oakland,OAKLAND,Rochester Hills City 27 Ward 1,3,3052,2014|2016|2018
Allegan,ALLEGAN,Allegan Township 2,6,3048,2008|2010|2012|2014|2016|2018
Clare,CLARE,Surrey Township 2,4,3044,2008|2010|2012|2014
Oakland,OAKLAND,Rochester Hills City 18 Ward 1,3,3044,2014|2016|2018
Wayne,WAYNE,Taylor City 24,6,3037,2008|2010|2012|2014|2016|2018
Ingham,INGHAM,Leroy Township 2,6,3033,2008|2010|2012|2014|2016|2018
Ionia,IONIA,Belding City 3,6,3033,2008|2010|2012|2014|2016|2018
Oakland,OAKLAND,Rochester Hills City 10 Ward 1,3,3024,2014|2016|2018
Ingham,INGHAM,Lansing City 43 Ward 4,4,3004,2012|2014|2016|2018
Genesee,GENESEE,Flint Township 11,6,3003,2008|2010|2012|2014|2016|2018
Muskegon,MUSKEGON,Muskegon City 4 Ward 1,4,3003,2012|2014|2016|2018
Oakland,OAKLAND,Rochester Hills City 28 Ward 1,3,2999,2014|2016|2018
Berrien,BERRIEN,Niles City 3,4,2970,2008|2010|2016|2018
Oakland,OAKLAND,Rochester Hills City 19 Ward 1,3,2934,2014|2016|2018
Saginaw,SAGINAW,Frankenmuth Township 2,6,2933,2008|2010|2012|2014|2016|2018
Oceana,OCEANA,Shelby Township 2,6,2932,2008|2010|2012|2014|2016|2018
Genesee,GENESEE,Richfield Township 4,6,2931,2008|2010|2012|2014|2016|2018
Oakland,OAKLAND,Rochester Hills City 8 Ward 1,4,2926,2012|2014|2016|2018
Oakland,OAKLAND,Rochester Hills City 14,2,2918,2008|2010
Oakland,OAKLAND,Rochester Hills City 29 Ward 1,4,2914,2012|2014|2016|2018
Oakland,OAKLAND,Rochester Hills City 21,2,2910,2008|2010
Muskegon,MUSKEGON,Muskegon City 3 Ward 1,4,2905,2012|2014|2016|2018
Macomb,MACOMB,Warren City 10 Ward 3,4,2889,2012|2014|2016|2018
Washtenaw,WASHTENAW,Ann Arbor City 3 Ward 1,6,2884,2008|2010|2012|2014|2016|2018
Calhoun,CALHOUN,Battle Creek City 24,1,2883,2008
Wayne,WAYNE,Redford Township 13,6,2880,2008|2010|2012|2014|2016|2018
Lenawee,LENAWEE,Woodstock Township 2,6,2879,2008|2010|2012|2014|2016|2018
Genesee,GENESEE,Flint City 48 Ward 7,4,2874,2012|2014|2016|2018
Oakland,OAKLAND,Rochester Hills City 27,2,2851,2008|2010
Macomb,MACOMB,Warren City 25 Ward 3,4,2844,2012|2014|2016|2018
Genesee,GENESEE,Flint City 16 Ward 3,4,2840,2012|2014|2016|2018
Lapeer,LAPEER,Hadley Township 1A,2,2838,2008|2010
Macomb,MACOMB,Sterling Heights City 50,2,2838,2008|2010
Wayne,WAYNE,Grosse Pointe Park City 3,6,2837,2008|2010|2012|2014|2016|2018
Ionia,IONIA,Ionia City 1 Ward 1,6,2823,2008|2010|2012|2014|2016|2018
Wayne,WAYNE,Highland Park City 20,6,2819,2008|2010|2012|2014|2016|2018
Calhoun,CALHOUN,Battle Creek City 9,6,2812,2008|2010|2012|2014|2016|2018
Macomb,MACOMB,Warren City 7 Ward 5,4,2812,2012|2014|2016|2018
Oakland,OAKLAND,Pontiac City 17 Ward 6,4,2798,2012|2014|2016|2018
Wayne,WAYNE,Taylor City 27,6,2790,2008|2010|2012|2014|2016|2018
Oakland,OAKLAND,Rochester Hills City 26,2,2786,2008|2010
Genesee,GENESEE,Flint City 8 Ward 2,4,2779,2012|2014|2016|2018
Genesee,GENESEE,Flushing Township 6,6,2775,2008|2010|2012|2014|2016|2018
Midland,MIDLAND,Midland City 5 Ward 1,6,2767,2008|2010|2012|2014|2016|2018
Oakland,OAKLAND,Bloomfield Township 27,6,2745,2008|2010|2012|2014|2016|2018
Wayne,WAYNE,Canton Township 42,5,2741,2010|2012|2014|2016|2018
Washtenaw,WASHTENAW,Pittsfield Township 11,3,2740,2008|2010|2018
Macomb,MACOMB,Center Line City 5,6,2738,2008|2010|2012|2014|2016|2018
Gogebic,GOGEBIC,Ironwood City 3,6,2732,2008|2010|2012|2014|2016|2018
Wayne,WAYNE,Taylor City 25,6,2726,2008|2010|2012|2014|2016|2018
Washtenaw,WASHTENAW,Lodi Township 3,4,2726,2012|2014|2016|2018
Calhoun,CALHOUN,Battle Creek City 7,6,2719,2008|2010|2012|2014|2016|2018
Berrien,BERRIEN,Niles City 1,4,2719,2008|2010|2016|2018
Macomb,MACOMB,Clinton Township 43,6,2708,2008|2010|2012|2014|2016|2018
Genesee,GENESEE,Flint City 58 Ward 9,4,2706,2012|2014|2016|2018
Lapeer,LAPEER,Lapeer City 2 Ward 1,4,2704,2012|2014|2016|2018
Wayne,WAYNE,Southgate City 14,6,2701,2008|2010|2012|2014|2016|2018
Genesee,GENESEE,Flint City 42 Ward 6,4,2694,2012|2014|2016|2018
Muskegon,MUSKEGON,Muskegon City 6 Ward 2,4,2694,2012|2014|2016|2018
Tuscola,TUSCOLA,Denmark Township 2,6,2693,2008|2010|2012|2014|2016|2018
Tuscola,TUSCOLA,Caro City 2,5,2693,2010|2012|2014|2016|2018
Wayne,WAYNE,Canton Township 41,5,2693,2010|2012|2014|2016|2018
Genesee,GENESEE,Flint City 46 Ward 7,4,2688,2012|2014|2016|2018
Kent,KENT,Grand Rapids City 26 Ward 1,2,2688,2008|2010
Oakland,OAKLAND,Rochester Hills City 13 Ward 1,3,2675,2014|2016|2018
Macomb,MACOMB,Warren City 34 Ward 1,4,2674,2012|2014|2016|2018
Lapeer,LAPEER,Lapeer City 4 Ward 1,4,2668,2012|2014|2016|2018
Genesee,GENESEE,Flint City 25 Ward 4,4,2653,2012|2014|2016|2018
Oakland,OAKLAND,Bloomfield Township 31,6,2651,2008|2010|2012|2014|2016|2018
Oakland,OAKLAND,Bloomfield Township 28,6,2649,2008|2010|2012|2014|2016|2018
Kalamazoo,KALAMAZOO,Portage City 20,3,2640,2008|2010|2012
Ingham,INGHAM,Lansing City 6 Ward 1,4,2633,2012|2014|2016|2018
Oakland,OAKLAND,Pontiac City 14 Ward 5,4,2627,2012|2014|2016|2018
St. Clair,ST. CLAIR,Fort Gratiot Township 5,6,2626,2008|2010|2012|2014|2016|2018
Oakland,OAKLAND,Rochester Hills City 3 Ward 1,3,2622,2014|2016|2018
Muskegon,MUSKEGON,Muskegon City 5 Ward 2,4,2621,2012|2014|2016|2018
Van Buren,VAN BUREN,Covert Township 2,6,2598,2008|2010|2012|2014|2016|2018
Wayne,WAYNE,Highland Park City 18,6,2587,2008|2010|2012|2014|2016|2018
Wayne,WAYNE,Taylor City 28,6,2585,2008|2010|2012|2014|2016|2018
Calhoun,CALHOUN,Battle Creek City 19,6,2582,2008|2010|2012|2014|2016|2018
Genesee,GENESEE,Flint City 6 Ward 1,4,2575,2012|2014|2016|2018
Oakland,OAKLAND,Rochester Hills City 11,2,2569,2008|2010
Wayne,WAYNE,Huron Township 6,6,2566,2008|2010|2012|2014|2016|2018
Kent,KENT,Grand Rapids City 27 Ward 1,2,2559,2008|2010
Muskegon,MUSKEGON,Norton Shores City 1 Ward 1,4,2546,2012|2014|2016|2018
Wayne,WAYNE,Canton Township 40,5,2544,2010|2012|2014|2016|2018
Ionia,IONIA,Ionia City 3 Ward 3,5,2538,2008|2010|2014|2016|2018
Shiawassee,SHIAWASSEE,Owosso City 4 Ward 2,6,2521,2008|2010|2012|2014|2016|2018
Eaton,EATON,Bellevue Township 2,6,2515,2008|2010|2012|2014|2016|2018
Oakland,OAKLAND,Rochester Hills City 13,2,2513,2008|2010
Washtenaw,WASHTENAW,Ann Arbor City 2 Ward 4,6,2510,2008|2010|2012|2014|2016|2018
Oakland,OAKLAND,Rochester Hills City 31 Ward 1,3,2509,2014|2016|2018
Oakland,OAKLAND,Rochester Hills City 11 Ward 1,3,2508,2014|2016|2018
Genesee,GENESEE,Flint City 52 Ward 8,4,2490,2012|2014|2016|2018
Kent,KENT,Grand Rapids City 76 Ward 3,4,2488,2012|2014|2016|2018
Wayne,WAYNE,Westland City 42,6,2486,2008|2010|2012|2014|2016|2018
Oakland,OAKLAND,Rochester Hills City 4 Ward 1,3,2486,2014|2016|2018
Montcalm,MONTCALM,Evergreen Township 2,6,2474,2008|2010|2012|2014|2016|2018
Wayne,WAYNE,Allen Park City 6,6,2461,2008|2010|2012|2014|2016|2018
Oakland,OAKLAND,Rochester Hills City 9,2,2454,2008|2010
Wayne,WAYNE,Northville Township 15,4,2450,2008|2010|2012|2014
Genesee,GENESEE,Flint City 14 Ward 2,4,2447,2012|2014|2016|2018
Lapeer,LAPEER,Metamora Township 1A,2,2443,2008|2010
Genesee,GENESEE,Flint City 44 Ward 6,4,2442,2012|2014|2016|2018
Schoolcraft,SCHOOLCRAFT,Manistique City 3,6,2438,2008|2010|2012|2014|2016|2018
Lapeer,LAPEER,Lapeer City 3 Ward 1,4,2436,2012|2014|2016|2018
Houghton,HOUGHTON,Portage Township 1,6,2428,2008|2010|2012|2014|2016|2018
Lapeer,LAPEER,Imlay Township 1A,2,2422,2008|2010
Oakland,OAKLAND,Rochester Hills City 25,2,2422,2008|2010
Genesee,GENESEE,Flint City 42,2,2421,2008|2010
Oakland,OAKLAND,Rochester Hills City 12,2,2412,2008|2010
Muskegon,MUSKEGON,Muskegon City 8 Ward 3,4,2395,2012|2014|2016|2018
Livingston,LIVINGSTON,Genoa Township 11,6,2394,2008|2010|2012|2014|2016|2018
Ionia,IONIA,Ionia City 4 Ward 4,5,2388,2008|2010|2014|2016|2018
Oakland,OAKLAND,Clawson City 6,2,2387,2008|2010
Wayne,WAYNE,Dearborn City 39,5,2385,2008|2010|2012|2014|2018
Kent,KENT,Kentwood City 10 Ward 1,2,2383,2008|2010
Genesee,GENESEE,Flint City 28 Ward 5,4,2381,2012|2014|2016|2018
Lapeer,LAPEER,Dryden Township 2A,2,2379,2008|2010
Otsego,OTSEGO,Gaylord City 2 Ward 2,5,2376,2008|2010|2014|2016|2018
Ingham,INGHAM,Lansing City 15 Ward 4,2,2375,2008|2010
Macomb,MACOMB,Warren City 56 Ward 1,4,2373,2012|2014|2016|2018
Macomb,MACOMB,Warren City 48 Ward 2,4,2372,2012|2014|2016|2018
Wayne,WAYNE,Highland Park City 15,6,2370,2008|2010|2012|2014|2016|2018
Oakland,OAKLAND,Rochester Hills City 15 Ward 1,3,2366,2014|2016|2018
Genesee,GENESEE,Flint City 47,2,2361,2008|2010
Genesee,GENESEE,Flint City 11 Ward 2,4,2357,2012|2014|2016|2018
Kent,KENT,Grand Rapids City 75 Ward 3,4,2348,2012|2014|2016|2018
Jackson,JACKSON,Jackson City 2 Ward 5,6,2333,2008|2010|2012|2014|2016|2018
Genesee,GENESEE,Flint City 53,2,2330,2008|2010
Macomb,MACOMB,Chesterfield Township 20,3,2327,2008|2010|2012
St. Joseph,ST. JOSEPH,Lockport Township 2,6,2316,2008|2010|2012|2014|2016|2018
Wayne,WAYNE,Wayne City 7,4,2306,2008|2010|2012|2014
Genesee,GENESEE,Flint City 53 Ward 8,4,2303,2012|2014|2016|2018
Oakland,OAKLAND,Southfield City 42,3,2302,2008|2010|2012
Genesee,GENESEE,Thetford Township 5,4,2295,2008|2010|2012|2014
Oakland,OAKLAND,Bloomfield Township 25,6,2293,2008|2010|2012|2014|2016|2018
Oakland,OAKLAND,Southfield City 37,3,2291,2008|2010|2012
Macomb,MACOMB,Warren City 26 Ward 4,4,2283,2012|2014|2016|2018
Oakland,OAKLAND,Southfield City 41,3,2279,2008|2010|2012
Lapeer,LAPEER,Dryden Township 1A,2,2277,2008|2010
Oakland,OAKLAND,Pontiac City 9 Ward 3,4,2269,2012|2014|2016|2018
Genesee,GENESEE,Flint City 34,2,2269,2008|2010
Wayne,WAYNE,Ecorse City 6,6,2267,2008|2010|2012|2014|2016|2018
Genesee,GENESEE,Flint City 5 Ward 1,4,2261,2012|2014|2016|2018
Oakland,OAKLAND,Southfield City 38,3,2258,2008|2010|2012
Genesee,GENESEE,Flint City 55 Ward 8,4,2253,2012|2014|2016|2018
Macomb,MACOMB,Washington Township 10,2,2244,2016|2018
Oakland,OAKLAND,Rochester Hills City 20 Ward 1,3,2239,2014|2016|2018
Bay,BAY,Williams Township 3,6,2221,2008|2010|2012|2014|2016|2018
Genesee,GENESEE,Genesee Township 12,2,2218,2008|2010
Kent,KENT,Kentwood City 9 Ward 2,2,2207,2008|2010
St. Clair,ST. CLAIR,Ira Township 3,6,2187,2008|2010|2012|2014|2016|2018
Monroe,MONROE,Monroe City 3,4,2187,2012|2014|2016|2018
Kent,KENT,Grand Rapids City 7 Ward 2,2,2185,2008|2010
Kent,KENT,Grand Rapids City 5 Ward 3,2,2177,2008|2010
Alger,ALGER,Munising Township 2,6,2169,2008|2010|2012|2014|2016|2018
Schoolcraft,SCHOOLCRAFT,Manistique City 2,6,2161,2008|2010|2012|2014|2016|2018
Wayne,WAYNE,Grosse Ile Township 6,4,2160,2008|2010|2012|2014
Mackinac,MACKINAC,St. Ignace Township 1,6,2145,2008|2010|2012|2014|2016|2018
Oakland,OAKLAND,Rochester Hills City 7 Ward 1,3,2145,2014|2016|2018
Genesee,GENESEE,Flint City 41 Ward 6,4,2143,2012|2014|2016|2018
Allegan,ALLEGAN,Casco Township 1B,2,2143,2008|2010
Genesee,GENESEE,Flint City 39 Ward 6,4,2140,2012|2014|2016|2018
Gratiot,GRATIOT,Fulton Township 1A,2,2136,2008|2010
Wayne,WAYNE,Detroit City 127,3,2132,2014|2016|2018
Oakland,OAKLAND,Rochester Hills City 3,2,2120,2008|2010
Genesee,GENESEE,Flint City 10 Ward 2,4,2116,2012|2014|2016|2018
Ingham,INGHAM,Delhi Township 10,2,2116,2008|2010
Wayne,WAYNE,Highland Park City 8,6,2114,2008|2010|2012|2014|2016|2018
Genesee,GENESEE,Flint City 12 Ward 2,4,2112,2012|2014|2016|2018
Otsego,OTSEGO,Gaylord City 3 Ward 3,5,2091,2008|2010|2014|2016|2018
Macomb,MACOMB,Warren City 12 Ward 5,4,2090,2012|2014|2016|2018
Macomb,MACOMB,Warren City 58,2,2084,2008|2010
Oakland,OAKLAND,Rochester Hills City 4,2,2083,2008|2010
Calhoun,CALHOUN,Battle Creek City 18,4,2076,2012|2014|2016|2018
Wayne,WAYNE,Westland City 26,6,2064,2008|2010|2012|2014|2016|2018
Ingham,INGHAM,Lansing City 12 Ward 3,2,2062,2008|2010
Oakland,OAKLAND,Southfield City 40,3,2059,2008|2010|2012
Montcalm,MONTCALM,Maple Valley Township 2,6,2058,2008|2010|2012|2014|2016|2018
Kent,KENT,Grand Rapids City 8 Ward 3,2,2054,2008|2010
Ionia,IONIA,Lyons Township 3,6,2053,2008|2010|2012|2014|2016|2018
Calhoun,CALHOUN,Athens Township 1A,2,2051,2008|2010
Kent,KENT,Grand Rapids City 9 Ward 3,2,2043,2008|2010
Ionia,IONIA,Ionia City 2 Ward 2,5,2035,2008|2010|2014|2016|2018
Macomb,MACOMB,Roseville City 20,3,2033,2008|2010|2012
Wayne,WAYNE,Sumpter Township 5,6,2030,2008|2010|2012|2014|2016|2018
Oakland,OAKLAND,Rochester Hills City 5,2,2030,2008|2010
Ingham,INGHAM,Lansing City 14 Ward 1,2,1999,2008|2010
Wayne,WAYNE,Romulus City 14,3,1995,2008|2010|2012
Alpena,ALPENA,Alpena City 2,4,1991,2008|2010|2012|2014
Wayne,WAYNE,Ecorse City 5,6,1989,2008|2010|2012|2014|2016|2018
Ottawa,OTTAWA,Holland City 2 Ward 6,2,1986,2008|2010
Kent,KENT,Grand Rapids City 17 Ward 3,2,1982,2008|2010
Ogemaw,OGEMAW,West Branch City 1 Ward 1,6,1981,2008|2010|2012|2014|2016|2018
Jackson,JACKSON,Spring Arbor Township 4,2,1979,2008|2010
Oakland,OAKLAND,Southfield City 43,3,1977,2008|2010|2012
Macomb,MACOMB,Sterling Heights City 52,2,1977,2008|2010
Oakland,OAKLAND,Rochester Hills City 1,2,1975,2008|2010
Muskegon,MUSKEGON,Muskegon City 2,2,1972,2008|2010
Wayne,WAYNE,Romulus City 16,3,1971,2008|2010|2012
Wayne,WAYNE,Northville Township 13,4,1969,2008|2010|2012|2014
Ingham,INGHAM,Lansing City 8 Ward 3,2,1964,2008|2010
Kent,KENT,Grand Rapids City 39 Ward 3,2,1963,2008|2010
Ottawa,OTTAWA,Holland City 1 Ward 4,2,1959,2008|2010
Ingham,INGHAM,Lansing City 45 Ward 1,2,1956,2016|2018
Oakland,OAKLAND,Madison Heights City 12,2,1952,2008|2010
Muskegon,MUSKEGON,Muskegon City 11,2,1938,2008|2010
Genesee,GENESEE,Flint City 1,2,1925,2008|2010
Macomb,MACOMB,Sterling Heights City 46,2,1920,2008|2010
Bay,BAY,Bangor Township 8,2,1914,2008|2010
Gratiot,GRATIOT,Pine River Township 1A,2,1911,2008|2010
Wayne,WAYNE,Detroit City 31 Ward 4,3,1896,2008|2010|2012
Barry,BARRY,Hastings City 1 Ward 1,2,1889,2008|2010
Oakland,OAKLAND,Madison Heights City 13,2,1889,2008|2010
Genesee,GENESEE,Flint City 2,2,1885,2008|2010
Calhoun,CALHOUN,Battle Creek City 25,1,1872,2008
Ingham,INGHAM,Lansing City 13 Ward 3,2,1871,2008|2010
Crawford,CRAWFORD,Grayling Township 5,2,1867,2008|2010
Eaton,EATON,Delta Township 82,2,1867,2008|2010
Lapeer,LAPEER,Hadley Township 2A,2,1861,2008|2010
Oakland,OAKLAND,Southfield City 39,3,1860,2008|2010|2012
Kent,KENT,Grand Rapids City 11 Ward 2,2,1858,2008|2010
Oakland,OAKLAND,Hazel Park City 9,3,1847,2008|2010|2012
Ingham,INGHAM,Lansing City 12 Ward 1,2,1846,2008|2010
Ingham,INGHAM,Lansing City 10 Ward 2,2,1840,2008|2010
Kent,KENT,Caledonia Township 1A,2,1828,2008|2010
Washtenaw,WASHTENAW,Scio Township 1V,1,1827,2008
Macomb,MACOMB,Warren City 24 Ward 3,4,1826,2012|2014|2016|2018
Kent,KENT,Grand Rapids City 16 Ward 2,2,1825,2008|2010
Ingham,INGHAM,Lansing City 2 Ward 2,2,1820,2008|2010
Calhoun,CALHOUN,Battle Creek City 14,6,1816,2008|2010|2012|2014|2016|2018
Ingham,INGHAM,Lansing City 3 Ward 2,2,1816,2008|2010
Crawford,CRAWFORD,Grayling Township 4,2,1813,2008|2010
Ingham,INGHAM,Lansing City 15 Ward 3,2,1812,2008|2010
Jackson,JACKSON,Jackson City 1 Ward 5,6,1804,2008|2010|2012|2014|2016|2018
Midland,MIDLAND,Jerome Township 3,6,1803,2008|2010|2012|2014|2016|2018
Gladwin,GLADWIN,Gladwin City 2 Ward 1,4,1799,2012|2014|2016|2018
Macomb,MACOMB,Warren City 30 Ward 4,4,1799,2012|2014|2016|2018
Wayne,WAYNE,Inkster City 2 Ward 5,3,1799,2008|2010|2012
Berrien,BERRIEN,Pipestone Township 1A,2,1799,2008|2010
Oakland,OAKLAND,Rochester Hills City 9 Ward 2,1,1797,2012
Wayne,WAYNE,Inkster City 3 Ward 4,3,1796,2008|2010|2012
Muskegon,MUSKEGON,Muskegon City 1,2,1796,2008|2010
Wayne,WAYNE,Detroit City 15 Ward 9,2,1794,2008|2010
Kent,KENT,Grand Rapids City 14 Ward 2,2,1793,2008|2010
Muskegon,MUSKEGON,Muskegon Heights City 6,2,1787,2008|2010
Genesee,GENESEE,Flint City 20 Ward 3,4,1777,2012|2014|2016|2018
Lapeer,LAPEER,Metamora Township 2A,2,1777,2008|2010
Oakland,OAKLAND,Madison Heights City 15,2,1775,2008|2010
Oakland,OAKLAND,Rochester Hills City 28,2,1775,2008|2010
Oakland,OAKLAND,Rochester Hills City 17,2,1772,2008|2010
Muskegon,MUSKEGON,Muskegon City 9,2,1768,2008|2010
Allegan,ALLEGAN,Hopkins Township 1A,2,1767,2008|2010
Branch,BRANCH,Coldwater City 3A,2,1762,2008|2010
Genesee,GENESEE,Flint City 22,2,1760,2008|2010
Eaton,EATON,Lansing City 022L Ward 3,3,1758,2012|2016|2018
Roscommon,ROSCOMMON,Denton Township 2A,2,1758,2008|2010
Muskegon,MUSKEGON,Norton Shores City 10,2,1753,2008|2010
Allegan,ALLEGAN,Martin Township 1A,2,1752,2008|2010
Ottawa,OTTAWA,Georgetown Township 19,2,1746,2008|2010
Kalamazoo,KALAMAZOO,Portage City 21,3,1742,2008|2010|2012
Eaton,EATON,Delta Township 72,2,1734,2008|2010
Gladwin,GLADWIN,Gladwin City 1 Ward 1,4,1733,2012|2014|2016|2018
Wayne,WAYNE,Detroit City 106,3,1733,2014|2016|2018
Kalamazoo,KALAMAZOO,Cooper Township 5,6,1730,2008|2010|2012|2014|2016|2018
Wayne,WAYNE,Detroit City 40 Ward 7,2,1727,2008|2010
Oakland,OAKLAND,Independence Township 15,2,1724,2008|2010
Macomb,MACOMB,Chesterfield Township 16,3,1721,2008|2010|2012
Genesee,GENESEE,Flint City 50,2,1714,2008|2010
Ingham,INGHAM,Lansing City 44 Ward 4,2,1712,2016|2018
Oakland,OAKLAND,Pontiac City 25,2,1712,2008|2010
Eaton,EATON,Delta Township 63,2,1710,2008|2010
Ingham,INGHAM,Lansing City 13 Ward 4,2,1710,2008|2010
Genesee,GENESEE,Flint City 31 Ward 5,4,1707,2012|2014|2016|2018
Ingham,INGHAM,Lansing City 5 Ward 2,2,1703,2008|2010
Genesee,GENESEE,Flint City 46,2,1700,2008|2010
Macomb,MACOMB,Warren City 16 Ward 4,4,1699,2012|2014|2016|2018
Kent,KENT,Grand Rapids City 21 Ward 3,2,1690,2008|2010
Oakland,OAKLAND,Rochester Hills City 25 Ward 2,1,1690,2012
Jackson,JACKSON,Blackman Township 8,2,1687,2008|2010
Genesee,GENESEE,Flint City 13,2,1683,2008|2010
Oakland,OAKLAND,Pontiac City 18 Ward 6,4,1677,2012|2014|2016|2018
Genesee,GENESEE,Flint City 29,2,1675,2008|2010
Macomb,MACOMB,Roseville City 19,3,1674,2008|2010|2012
Gratiot,GRATIOT,Alma City 4,2,1674,2008|2010
Iron,IRON,Iron River City 4,6,1673,2008|2010|2012|2014|2016|2018
Genesee,GENESEE,Flint City 8,2,1671,2008|2010
Mecosta,MECOSTA,Big Rapids City 4,3,1668,2008|2010|2012
Ingham,INGHAM,Lansing City 3 Ward 3,2,1666,2008|2010
Oakland,OAKLAND,Rochester Hills City 10,2,1666,2008|2010
Oakland,OAKLAND,Rochester Hills City 2 Ward 1,3,1663,2014|2016|2018
Ingham,INGHAM,Lansing City 5 Ward 4,2,1660,2008|2010
Genesee,GENESEE,Flint City 17 Ward 3,4,1654,2012|2014|2016|2018
Berrien,BERRIEN,Niles Township 5A,2,1653,2008|2010
Berrien,BERRIEN,Weesaw Township 1A,2,1653,2008|2010
Macomb,MACOMB,Sterling Heights City 49,2,1653,2008|2010
Oakland,OAKLAND,Rochester Hills City 24,2,1653,2008|2010
Muskegon,MUSKEGON,Muskegon City 5,2,1646,2008|2010
Genesee,GENESEE,Flint City 25,2,1641,2008|2010
Oakland,OAKLAND,Pontiac City 14,2,1641,2008|2010
Wayne,WAYNE,Riverview City 6,2,1639,2008|2010
Charlevoix,CHARLEVOIX,Wilson Township 1,2,1638,2008|2010
Jackson,JACKSON,Blackman Township 7,2,1638,2008|2010
Kent,KENT,East Grand Rapids City 1A Ward 2,2,1635,2008|2010
Oakland,OAKLAND,Royal Oak City 25,2,1634,2008|2010
Ingham,INGHAM,Lansing City 4 Ward 3,2,1632,2008|2010
Macomb,MACOMB,Sterling Heights City 51,2,1628,2008|2010
Allegan,ALLEGAN,Holland City 5 Ward 12,2,1625,2012|2014
Kent,KENT,Grand Rapids City 32 Ward 3,2,1621,2008|2010
Kent,KENT,Grand Rapids City 20 Ward 2,2,1620,2008|2010
Wayne,WAYNE,Detroit City 17 Ward 4,3,1613,2008|2010|2012
Kent,KENT,Grand Rapids City 4 Ward 3,2,1606,2008|2010
Iron,IRON,Iron River City 3,6,1598,2008|2010|2012|2014|2016|2018
Kent,KENT,East Grand Rapids City 2 Ward 3,2,1594,2008|2010
Kent,KENT,Grand Rapids City 16 Ward 3,2,1593,2008|2010
Genesee,GENESEE,Flint City 37 Ward 5,4,1592,2012|2014|2016|2018
Genesee,GENESEE,Flint City 9 Ward 2,4,1592,2012|2014|2016|2018
Ingham,INGHAM,Lansing City 6 Ward 2,2,1592,2008|2010
Eaton,EATON,Delta Township 62,2,1591,2008|2010
Eaton,EATON,Delta Township 71,2,1588,2008|2010
Oakland,OAKLAND,Pontiac City 17,2,1588,2008|2010
Clare,CLARE,Lincoln Township 2,4,1584,2008|2010|2012|2014
Genesee,GENESEE,Flint City 48,2,1584,2008|2010
Kent,KENT,Grand Rapids City 7 Ward 3,2,1581,2008|2010
Wayne,WAYNE,Detroit City 33 Ward 4,3,1579,2008|2010|2012
Kent,KENT,Grand Rapids City 23 Ward 3,2,1572,2008|2010
Eaton,EATON,Delta Township 42,2,1571,2008|2010
Washtenaw,WASHTENAW,Ann Arbor City 10 Ward 4,2,1568,2016|2018
Genesee,GENESEE,Flint City 61,2,1563,2008|2010
Wayne,WAYNE,Detroit City 16 Ward 17,2,1559,2008|2010
Jackson,JACKSON,Jackson City 1 Ward 3,6,1558,2008|2010|2012|2014|2016|2018
Kent,KENT,East Grand Rapids City 1 Ward 3,2,1556,2008|2010
Oakland,OAKLAND,Rochester Hills City 30 Ward 4,1,1553,2012
Barry,BARRY,Hastings Township 1A,1,1547,2008
Bay,BAY,Hampton Township 6,5,1539,2008|2010|2012|2014|2018
Allegan,ALLEGAN,Holland City 13 Ward 5,2,1539,2016|2018
Calhoun,CALHOUN,Burlington Township 1A,2,1539,2008|2010
Oakland,OAKLAND,Pontiac City 8,2,1538,2008|2010
Oakland,OAKLAND,Rochester Hills City 19,2,1537,2008|2010
Oakland,OAKLAND,Rochester Hills City 12 Ward 3,1,1537,2012
Genesee,GENESEE,Genesee Township 13,2,1536,2008|2010
Oakland,OAKLAND,Rochester Hills City 18,2,1535,2008|2010
Wayne,WAYNE,Detroit City 2 Ward 18,2,1533,2008|2010
Genesee,GENESEE,Flint City 5,2,1532,2008|2010
Clare,CLARE,Hayes Township 4,4,1530,2008|2010|2012|2014
Wayne,WAYNE,Detroit City 31,3,1526,2014|2016|2018
Wayne,WAYNE,Detroit City 245,3,1525,2014|2016|2018
Genesee,GENESEE,Flint City 59,2,1525,2008|2010
Ottawa,OTTAWA,Holland City 3 Ward 4,2,1523,2008|2010
Kent,KENT,Grand Rapids City 24 Ward 3,2,1517,2008|2010
Genesee,GENESEE,Flint City 45,2,1515,2008|2010
Monroe,MONROE,Bedford Township 16,1,1515,2010
Genesee,GENESEE,Flint City 38,2,1512,2008|2010
Genesee,GENESEE,Flint City 4,2,1511,2008|2010
Genesee,GENESEE,Flint City 7,2,1503,2008|2010
Ottawa,OTTAWA,Holland City 1 Ward 6,2,1503,2008|2010
Wayne,WAYNE,Detroit City 74 Ward 4,2,1502,2008|2010
Genesee,GENESEE,Flint City 43,2,1501,2008|2010
Genesee,GENESEE,Flint City 35,2,1500,2008|2010
Genesee,GENESEE,Flint City 37,2,1497,2008|2010
Ingham,INGHAM,Lansing City 12 Ward 4,2,1497,2008|2010
St. Joseph,ST. JOSEPH,Three Rivers City 3,2,1496,2008|2010
Oakland,OAKLAND,Rochester Hills City 22,2,1495,2008|2010
Genesee,GENESEE,Flint City 10,2,1493,2008|2010
Oakland,OAKLAND,Farmington City 6,2,1493,2008|2010
Oakland,OAKLAND,Rochester Hills City 1 Ward 3,1,1493,2012
Genesee,GENESEE,Flint City 21 Ward 3,4,1491,2012|2014|2016|2018
Muskegon,MUSKEGON,Muskegon City 6,2,1490,2008|2010
Wayne,WAYNE,Detroit City 20 Ward 4,3,1488,2008|2010|2012
Ottawa,OTTAWA,Georgetown Township 18,2,1487,2008|2010
Wayne,WAYNE,Detroit City 23 Ward 4,3,1482,2008|2010|2012
Macomb,MACOMB,Warren City 2 Ward 1,4,1479,2012|2014|2016|2018
Muskegon,MUSKEGON,Muskegon City 7,2,1477,2008|2010
Midland,MIDLAND,Midland City 3 Ward 1,6,1475,2008|2010|2012|2014|2016|2018
Muskegon,MUSKEGON,Muskegon City 4,2,1475,2008|2010
Oakland,OAKLAND,Rochester Hills City 16 Ward 3,1,1473,2012
Wayne,WAYNE,Detroit City 21 Ward 4,3,1472,2008|2010|2012
Wayne,WAYNE,Detroit City 13 Ward 5,2,1469,2008|2010
Kent,KENT,Grand Rapids City 44 Ward 3,2,1463,2008|2010
Ingham,INGHAM,Lansing City 7 Ward 4,2,1461,2008|2010
Wayne,WAYNE,Detroit City 3 Ward 16,2,1461,2008|2010
Van Buren,VAN BUREN,Lawrence Township 2,2,1457,2008|2010
Kent,KENT,Grand Rapids City 38 Ward 3,2,1455,2008|2010
Oakland,OAKLAND,Pontiac City 1,2,1455,2008|2010
Gratiot,GRATIOT,Arcada Township 1A,2,1454,2008|2010
Calhoun,CALHOUN,Battle Creek City 15A,2,1448,2008|2010
Ogemaw,OGEMAW,West Branch City 1 Ward 3,6,1447,2008|2010|2012|2014|2016|2018
Cass,CASS,Dowagiac City 0 Ward 2,2,1447,2008|2010
Oakland,OAKLAND,Rochester Hills City 23,2,1442,2008|2010
Gratiot,GRATIOT,St. Louis City 2,2,1441,2008|2010
Kent,KENT,Grand Rapids City 43 Ward 3,2,1441,2008|2010
Ingham,INGHAM,Lansing City 7 Ward 3,2,1439,2008|2010
Ingham,INGHAM,Lansing City 5 Ward 3,2,1438,2008|2010
Allegan,ALLEGAN,Holland City 3 Ward 5,2,1436,2008|2010
Wayne,WAYNE,Detroit City 38 Ward 15,2,1436,2008|2010
Calhoun,CALHOUN,Bedford Township 3A,2,1434,2008|2010
Wayne,WAYNE,Ecorse City 7,6,1433,2008|2010|2012|2014|2016|2018
Clare,CLARE,Hayes Township 3,4,1431,2008|2010|2012|2014
Lenawee,LENAWEE,Tecumseh City 4,2,1430,2008|2010
Ottawa,OTTAWA,Holland City 1 Ward 3,2,1427,2008|2010
Muskegon,MUSKEGON,Muskegon Heights City 7,2,1425,2008|2010
Macomb,MACOMB,Warren City 55,2,1420,2008|2010
Washtenaw,WASHTENAW,Pittsfield Township 12,1,1418,2018
Wayne,WAYNE,Detroit City 44 Ward 17,2,1417,2008|2010
Jackson,JACKSON,Jackson City 3 Ward 5,4,1412,2012|2014|2016|2018
Ingham,INGHAM,Lansing City 9 Ward 4,2,1411,2008|2010
Wayne,WAYNE,Detroit City 3,3,1410,2014|2016|2018
Muskegon,MUSKEGON,Muskegon City 13,2,1408,2008|2010
Genesee,GENESEE,Flint City 26,2,1404,2008|2010
Ingham,INGHAM,Lansing City 2 Ward 4,2,1404,2008|2010
Lenawee,LENAWEE,Tecumseh City 1,2,1401,2008|2010
Barry,BARRY,Orangeville Township 1A,1,1401,2008
Van Buren,VAN BUREN,South Haven City 2,2,1400,2008|2010
Wayne,WAYNE,Detroit City 22 Ward 14,2,1400,2008|2010
Kent,KENT,Grand Rapids City 6 Ward 3,2,1399,2008|2010
Kent,KENT,Grand Rapids City 18 Ward 3,2,1397,2008|2010
Genesee,GENESEE,Flint City 24 Ward 4,4,1396,2012|2014|2016|2018
Wayne,WAYNE,Detroit City 45 Ward 6,2,1396,2008|2010
Eaton,EATON,Delta Township 51,2,1393,2008|2010
Genesee,GENESEE,Flint City 36,2,1393,2008|2010
Ingham,INGHAM,Lansing City 4 Ward 2,2,1386,2008|2010
Macomb,MACOMB,Sterling Heights City 48,2,1383,2008|2010
Genesee,GENESEE,Flint City 26 Ward 4,4,1376,2012|2014|2016|2018
Eaton,EATON,Delta Township 52,2,1376,2008|2010
Benzie,BENZIE,Frankfort City 1A,2,1374,2008|2010
Tuscola,TUSCOLA,Indianfields Township 3,1,1372,2008
Wayne,WAYNE,Detroit City 237,3,1371,2014|2016|2018
Oakland,OAKLAND,Rochester Hills City 5 Ward 4,1,1371,2012
Lenawee,LENAWEE,Tecumseh City 3,2,1370,2008|2010
Allegan,ALLEGAN,Holland City 5 Ward 11,2,1368,2012|2014
Kent,KENT,Grand Rapids City 10 Ward 2,2,1367,2008|2010
Ogemaw,OGEMAW,West Branch City 1 Ward 2,6,1365,2008|2010|2012|2014|2016|2018
Genesee,GENESEE,Genesee Township 10,2,1365,2008|2010
Genesee,GENESEE,Flint City 15,2,1364,2008|2010
Kent,KENT,Wyoming City 9 Ward 2,2,1364,2008|2010
Eaton,EATON,Delta Township 53,2,1362,2008|2010
Oakland,OAKLAND,Pontiac City 6,2,1362,2008|2010
Van Buren,VAN BUREN,South Haven City 1,2,1362,2008|2010
Kent,KENT,Grand Rapids City 1 Ward 2,2,1361,2008|2010
Oakland,OAKLAND,Rochester Hills City 28 Ward 4,1,1361,2012
Oakland,OAKLAND,Pontiac City 11,2,1360,2008|2010
Oakland,OAKLAND,Pontiac City 2,2,1358,2008|2010
Allegan,ALLEGAN,Holland City 2 Ward 4,2,1357,2008|2010
Muskegon,MUSKEGON,Muskegon City 12,2,1357,2008|2010
Wayne,WAYNE,Detroit City 25 Ward 18,2,1357,2008|2010
Van Buren,VAN BUREN,South Haven City 3,2,1356,2008|2010
Genesee,GENESEE,Vienna Township 6,2,1355,2008|2010
Wayne,WAYNE,Detroit City 32 Ward 18,2,1354,2008|2010
Wayne,WAYNE,Detroit City 52 Ward 15,2,1352,2008|2010
Wayne,WAYNE,Detroit City 8 Ward 4,3,1350,2008|2010|2012
Gratiot,GRATIOT,Sumner Township 1A,2,1349,2008|2010
Oakland,OAKLAND,Hazel Park City 8,3,1347,2008|2010|2012
Genesee,GENESEE,Genesee Township 11,2,1345,2008|2010
Wayne,WAYNE,Detroit City 28 Ward 18,2,1344,2008|2010
Wayne,WAYNE,Detroit City 72 Ward 4,2,1343,2008|2010
Genesee,GENESEE,Flint City 54,2,1342,2008|2010
Wayne,WAYNE,Highland Park City 12,5,1339,2008|2010|2012|2014|2016
Eaton,EATON,Delta Township 41,2,1332,2008|2010
Macomb,MACOMB,Warren City 18 Ward 5,4,1331,2012|2014|2016|2018
Kent,KENT,Walker City 1 Ward 2,1,1328,2008
Macomb,MACOMB,Chesterfield Township 15,3,1327,2008|2010|2012
Ottawa,OTTAWA,Georgetown Township 20,2,1326,2008|2010
Barry,BARRY,Carlton Township 1A,1,1322,2008
Wayne,WAYNE,Detroit City 72 Ward 19,2,1320,2008|2010
Wayne,WAYNE,Detroit City 16 Ward 16,2,1318,2008|2010
Genesee,GENESEE,Flint City 59 Ward 9,4,1317,2012|2014|2016|2018
Eaton,EATON,Delta Township 73,2,1316,2008|2010
Hillsdale,HILLSDALE,Hillsdale City 3,2,1316,2008|2010
Ingham,INGHAM,Lansing City 3 Ward 4,2,1314,2008|2010
Calhoun,CALHOUN,Tekonsha Township 1A,2,1313,2008|2010
Lenawee,LENAWEE,Tecumseh City 2,2,1312,2008|2010
Wayne,WAYNE,Detroit City 45 Ward 17,2,1312,2008|2010
Wayne,WAYNE,Detroit City 30 Ward 19,2,1311,2008|2010
Muskegon,MUSKEGON,Muskegon City 3,2,1310,2008|2010
Oakland,OAKLAND,Pontiac City 20,2,1309,2008|2010
Wayne,WAYNE,Detroit City 36 Ward 6,2,1308,2008|2010
Crawford,CRAWFORD,Grayling Township 6,2,1307,2008|2010
Genesee,GENESEE,Flint City 20,2,1306,2008|2010
Wayne,WAYNE,Detroit City 71 Ward 15,2,1305,2008|2010
Barry,BARRY,Hastings City 2 Ward 2,2,1304,2008|2010
Bay,BAY,Bay City 2 Ward 2,2,1304,2008|2010
Oakland,OAKLAND,Rochester Hills City 21 Ward 2,1,1303,2012
Berrien,BERRIEN,Chikaming Township 2,2,1300,2008|2010
Oakland,OAKLAND,Pontiac City 19,2,1294,2008|2010
Wayne,WAYNE,Detroit City 22 Ward 5,2,1294,2008|2010
Wayne,WAYNE,Detroit City 63,3,1292,2014|2016|2018
Wayne,WAYNE,Detroit City 7 Ward 4,3,1292,2008|2010|2012
Branch,BRANCH,Coldwater City 2,2,1291,2008|2010
Wayne,WAYNE,Detroit City 14 Ward 6,2,1289,2008|2010
Wayne,WAYNE,Detroit City 38 Ward 18,2,1289,2008|2010
Mason,MASON,Scottville City 1 Ward 1,6,1288,2008|2010|2012|2014|2016|2018
Wayne,WAYNE,Detroit City 4 Ward 4,3,1287,2008|2010|2012
Allegan,ALLEGAN,Holland City 2 Ward 5,2,1286,2008|2010
Wayne,WAYNE,Detroit City 19 Ward 15,2,1285,2008|2010
Wayne,WAYNE,Detroit City 5 Ward 16,2,1283,2008|2010
Macomb,MACOMB,Chesterfield Township 19,3,1282,2008|2010|2012
Oakland,OAKLAND,West Bloomfield Township 27,2,1282,2008|2010
Manistee,MANISTEE,Manistee City 3,4,1281,2008|2010|2012|2014
Genesee,GENESEE,Flint City 23 Ward 4,4,1280,2012|2014|2016|2018
Wayne,WAYNE,Detroit City 4 Ward 16,2,1280,2008|2010
Wayne,WAYNE,Detroit City 41 Ward 18,2,1279,2008|2010
Genesee,GENESEE,Flint City 61 Ward 9,4,1278,2012|2014|2016|2018
Eaton,EATON,Delta Township 61,2,1278,2008|2010
Genesee,GENESEE,Flint City 28,2,1277,2008|2010
Ingham,INGHAM,Lansing City 14 Ward 4,2,1277,2008|2010
Ingham,INGHAM,Lansing City 8 Ward 4,2,1277,2008|2010
Wayne,WAYNE,Detroit City 6 Ward 4,3,1276,2008|2010|2012
Wayne,WAYNE,Detroit City 202,3,1274,2014|2016|2018
Berrien,BERRIEN,Bainbridge Township 2,2,1273,2008|2010
Hillsdale,HILLSDALE,Hillsdale City 4,2,1272,2008|2010
Kent,KENT,Grand Rapids City 25 Ward 1,2,1272,2008|2010
Lapeer,LAPEER,Lapeer City 4,2,1270,2008|2010
Wayne,WAYNE,Detroit City 13 Ward 13,2,1268,2008|2010
Wayne,WAYNE,Detroit City 46 Ward 6,2,1266,2008|2010
Wayne,WAYNE,Detroit City 38 Ward 4,3,1265,2008|2010|2012
Wayne,WAYNE,Detroit City 48 Ward 17,2,1265,2008|2010
Wayne,WAYNE,Detroit City 27 Ward 17,2,1263,2008|2010
Wayne,WAYNE,Detroit City 30 Ward 18,2,1258,2008|2010
Wayne,WAYNE,Detroit City 15 Ward 15,2,1256,2008|2010
Wayne,WAYNE,Detroit City 4 Ward 9,2,1256,2008|2010
Wayne,WAYNE,Westland City 31,6,1255,2008|2010|2012|2014|2016|2018
Wayne,WAYNE,Detroit City 40 Ward 4,3,1255,2008|2010|2012
Oakland,OAKLAND,Rochester Hills City 15,2,1254,2008|2010
Wayne,WAYNE,Detroit City 11 Ward 16,2,1249,2008|2010
Wayne,WAYNE,Detroit City 26 Ward 16,2,1244,2008|2010
Oakland,OAKLAND,Rochester Hills City 32 Ward 2,1,1241,2012
Genesee,GENESEE,Flint City 60,2,1240,2008|2010
Wayne,WAYNE,Detroit City 21 Ward 17,2,1239,2008|2010
Genesee,GENESEE,Flint City 49,2,1238,2008|2010
Wayne,WAYNE,Detroit City 179,3,1237,2014|2016|2018
Wayne,WAYNE,Detroit City 23 Ward 13,2,1233,2008|2010
Wayne,WAYNE,Detroit City 7 Ward 20,2,1232,2008|2010
Oakland,OAKLAND,Pontiac City 7 Ward 3,4,1231,2012|2014|2016|2018
Baraga,BARAGA,Baraga Township 4,6,1230,2008|2010|2012|2014|2016|2018
Wayne,WAYNE,Dearborn City 14,5,1230,2008|2010|2012|2014|2018
Wayne,WAYNE,Detroit City 1 Ward 12,2,1229,2008|2010
Oakland,OAKLAND,Rochester Hills City 24 Ward 3,1,1229,2012
Barry,BARRY,Hastings City 4 Ward 4,2,1226,2008|2010
Wayne,WAYNE,Detroit City 12 Ward 6,2,1226,2008|2010
Wayne,WAYNE,Huron Township 8,3,1225,2008|2010|2012
Kent,KENT,Grand Rapids City 18 Ward 2,2,1225,2008|2010
Muskegon,MUSKEGON,Fruitland Township 3,2,1225,2008|2010
Allegan,ALLEGAN,Dorr Township 4,2,1223,2008|2010
Oakland,OAKLAND,Rochester Hills City 20,2,1223,2008|2010
Wayne,WAYNE,Highland Park City 23,6,1221,2008|2010|2012|2014|2016|2018
Wayne,WAYNE,Detroit City 19 Ward 19,2,1219,2008|2010
Wayne,WAYNE,Detroit City 28 Ward 6,2,1218,2008|2010
Genesee,GENESEE,Flint City 6,2,1217,2008|2010
Wayne,WAYNE,Detroit City 6 Ward 6,2,1217,2008|2010
Wayne,WAYNE,Detroit City 22 Ward 4,3,1216,2008|2010|2012
Kent,KENT,Grand Rapids City 36 Ward 1,2,1215,2008|2010
Wayne,WAYNE,Inkster City 3 Ward 2,3,1214,2008|2010|2012
Genesee,GENESEE,Flint City 44,2,1214,2008|2010
Kent,KENT,Grand Rapids City 4 Ward 2,2,1212,2008|2010
Wayne,WAYNE,Detroit City 38 Ward 6,2,1212,2008|2010
Wayne,WAYNE,Detroit City 15 Ward 21,2,1210,2008|2010
Oakland,OAKLAND,Rochester Hills City 16,2,1208,2008|2010
Bay,BAY,Bay City 3 Ward 4,2,1207,2008|2010
Wayne,WAYNE,Detroit City 12 Ward 17,2,1206,2008|2010
Wayne,WAYNE,Riverview City 5,2,1206,2008|2010
Oakland,OAKLAND,Pontiac City 28,2,1205,2008|2010
Gladwin,GLADWIN,Gladwin City 2,2,1202,2008|2010
Kent,KENT,Wyoming City 20 Ward 3,2,1201,2008|2010
Wayne,WAYNE,Detroit City 12 Ward 4,3,1198,2008|2010|2012
Oakland,OAKLAND,Rochester Hills City 10 Ward 2,1,1194,2012
Wayne,WAYNE,Dearborn Heights City 29,2,1191,2008|2010
Wayne,WAYNE,Detroit City 19 Ward 8,2,1191,2008|2010
Bay,BAY,Bay City 3 Ward 8,2,1190,2008|2010
Kent,KENT,Grand Rapids City 3 Ward 3,2,1190,2008|2010
Oakland,OAKLAND,Pontiac City 21,2,1190,2008|2010
Bay,BAY,Bay City 2 Ward 5,2,1189,2008|2010
Genesee,GENESEE,Flint City 9,2,1188,2008|2010
Genesee,GENESEE,Flint Township 16,2,1187,2008|2010
Ottawa,OTTAWA,Holland City 2 Ward 2,2,1187,2008|2010
Muskegon,MUSKEGON,Norton Shores City 9,2,1185,2008|2010
Kent,KENT,Grand Rapids City 12 Ward 2,2,1182,2008|2010
Wayne,WAYNE,Detroit City 29 Ward 3,2,1181,2008|2010
Macomb,MACOMB,Warren City 13 Ward 5,4,1179,2012|2014|2016|2018
Oakland,OAKLAND,Rochester Hills City 7,2,1179,2008|2010
Wayne,WAYNE,Detroit City 11 Ward 21,2,1179,2008|2010
Wayne,WAYNE,Detroit City 163,3,1178,2014|2016|2018
Jackson,JACKSON,Summit Township 10,2,1178,2008|2010
Lapeer,LAPEER,Lapeer City 3,2,1178,2008|2010
Bay,BAY,Bay City 3 Ward 2,2,1177,2008|2010
Genesee,GENESEE,Flint City 27,2,1177,2008|2010
Wayne,WAYNE,Detroit City 160,3,1176,2014|2016|2018
Wayne,WAYNE,Detroit City 1 Ward 17,2,1175,2008|2010
Wayne,WAYNE,Inkster City 4 Ward 3,3,1174,2008|2010|2012
Oakland,OAKLAND,Rochester Hills City 27 Ward 4,1,1174,2012
Muskegon,MUSKEGON,Muskegon City 10,2,1169,2008|2010
Kent,KENT,Walker City 2 Ward 3,1,1169,2008
Wayne,WAYNE,Detroit City 44 Ward 18,2,1167,2008|2010
Mecosta,MECOSTA,Big Rapids City 5,3,1163,2008|2010|2012
Wayne,WAYNE,Detroit City 18 Ward 5,2,1163,2008|2010
Wayne,WAYNE,Detroit City 5 Ward 15,2,1161,2008|2010
Muskegon,MUSKEGON,Muskegon Heights City 5,2,1157,2008|2010
Oakland,OAKLAND,Rochester Hills City 8,2,1157,2008|2010
Wayne,WAYNE,Detroit City 5 Ward 20,2,1156,2008|2010
Kent,KENT,Grand Rapids City 5 Ward 2,2,1155,2008|2010
Wayne,WAYNE,Detroit City 40 Ward 14,2,1154,2008|2010
Ottawa,OTTAWA,Holland City 2 Ward 3,2,1153,2008|2010
Wayne,WAYNE,Detroit City 71 Ward 4,2,1151,2008|2010
Wayne,WAYNE,Detroit City 20 Ward 24,2,1150,2008|2010
Manistee,MANISTEE,Manistee City 5,4,1148,2008|2010|2012|2014
Wayne,WAYNE,Detroit City 17 Ward 18,2,1148,2008|2010
Wayne,WAYNE,Detroit City 21 Ward 13,2,1148,2008|2010
Wayne,WAYNE,Detroit City 71 Ward 18,2,1147,2008|2010
Monroe,MONROE,Bedford Township 15,1,1147,2010
Oakland,OAKLAND,Rochester Hills City 18 Ward 2,1,1146,2012
Wayne,WAYNE,Romulus City 17,3,1145,2008|2010|2012
Oakland,OAKLAND,Oak Park City 17,2,1144,2008|2010
Bay,BAY,Bay City 3 Ward 7,2,1142,2008|2010
Oakland,OAKLAND,Madison Heights City 14,2,1142,2008|2010
Genesee,GENESEE,Flint City 11,2,1141,2008|2010
Oakland,OAKLAND,Rochester Hills City 29,2,1139,2008|2010
Wayne,WAYNE,Plymouth Township 17,1,1139,2008
Wayne,WAYNE,Detroit City 32 Ward 4,3,1135,2008|2010|2012
Eaton,EATON,Delta Township 43,2,1135,2008|2010
Genesee,GENESEE,Flint City 12,2,1135,2008|2010
Wayne,WAYNE,Detroit City 15 Ward 19,2,1135,2008|2010
Wayne,WAYNE,Detroit City 284,3,1134,2014|2016|2018
Wayne,WAYNE,Detroit City 28 Ward 24,2,1134,2008|2010
Wayne,WAYNE,Detroit City 1 Ward 19,2,1130,2008|2010
Wayne,WAYNE,Detroit City 37,3,1127,2014|2016|2018
Wayne,WAYNE,Detroit City 20 Ward 17,2,1126,2008|2010
Oakland,OAKLAND,Oak Park City 19,2,1125,2008|2010
Wayne,WAYNE,Detroit City 19 Ward 11,2,1124,2008|2010
Eaton,EATON,Lansing City 6E Ward 3,1,1122,2008
Wayne,WAYNE,Detroit City 40 Ward 6,2,1120,2008|2010
Wayne,WAYNE,Huron Township 9,3,1119,2008|2010|2012
Manistee,MANISTEE,Manistee City 6,4,1118,2008|2010|2012|2014
Kent,KENT,Grand Rapids City 1 Ward 3,2,1118,2008|2010
Oakland,OAKLAND,Rochester Hills City 19 Ward 2,1,1118,2012
Wayne,WAYNE,Detroit City 37 Ward 21,2,1113,2008|2010
Wayne,WAYNE,Detroit City 30 Ward 3,2,1110,2008|2010
Wayne,WAYNE,Detroit City 9 Ward 16,2,1110,2008|2010
Kent,KENT,Walker City 1 Ward 3,1,1110,2008
Genesee,GENESEE,Flint City 47 Ward 7,4,1109,2012|2014|2016|2018
Wayne,WAYNE,Detroit City 141,3,1108,2014|2016|2018
Kent,KENT,Grand Rapids City 31 Ward 1,2,1107,2008|2010
Wayne,WAYNE,Romulus City 15,3,1105,2008|2010|2012
Gratiot,GRATIOT,Bethany Township 1A,2,1103,2008|2010
Oakland,OAKLAND,Pontiac City 7,2,1103,2008|2010
Oakland,OAKLAND,Pontiac City 3,2,1102,2008|2010
Wayne,WAYNE,Grosse Pointe Township 1,1,1102,2008
Wayne,WAYNE,Detroit City 72 Ward 6,2,1101,2008|2010
Washtenaw,WASHTENAW,Ann Arbor City 10 Ward 3,1,1097,2018
Clare,CLARE,Grant Township 0A,4,1094,2008|2010|2012|2014
Wayne,WAYNE,Detroit City 35 Ward 9,2,1091,2008|2010
Branch,BRANCH,Coldwater City 4,2,1090,2008|2010
Wayne,WAYNE,Detroit City 12 Ward 16,2,1090,2008|2010
Wayne,WAYNE,Detroit City 73 Ward 16,2,1084,2008|2010
Wayne,WAYNE,Detroit City 37 Ward 16,2,1081,2008|2010
Emmet,EMMET,Center Township 5,4,1080,2012|2014|2016|2018
Kent,KENT,Grand Rapids City 45 Ward 3,2,1080,2008|2010
Oakland,OAKLAND,Pontiac City 13,2,1080,2008|2010
Oakland,OAKLAND,Pontiac City 18,2,1075,2008|2010
Macomb,MACOMB,Warren City 29 Ward 3,1,1074,2012
Genesee,GENESEE,Flint City 55,2,1073,2008|2010
Wayne,WAYNE,Dearborn Heights City 32,2,1071,2008|2010
Wayne,WAYNE,Detroit City 73 Ward 4,2,1071,2008|2010
Genesee,GENESEE,Flint City 3,2,1070,2008|2010
Wayne,WAYNE,Detroit City 1 Ward 26,2,1067,2008|2010
Wayne,WAYNE,Detroit City 16 Ward 13,2,1066,2008|2010
Bay,BAY,Bay City 2 Ward 7,2,1065,2008|2010
Genesee,GENESEE,Flint City 57,2,1065,2008|2010
Wayne,WAYNE,Detroit City 18 Ward 23,2,1064,2008|2010
Wayne,WAYNE,Detroit City 11 Ward 17,2,1063,2008|2010
Wayne,WAYNE,Detroit City 4 Ward 26,2,1063,2008|2010
Wayne,WAYNE,Detroit City 46 Ward 4,3,1060,2008|2010|2012
Oakland,OAKLAND,Pontiac City 4,2,1060,2008|2010
Ingham,INGHAM,Lansing City 6 Ward 4,2,1058,2008|2010
Hillsdale,HILLSDALE,Hillsdale City 1,2,1055,2008|2010
Kent,KENT,Walker City 2 Ward 2,1,1054,2008
Jackson,JACKSON,Summit Township 11,2,1052,2008|2010
Berrien,BERRIEN,Benton Township 2A,2,1051,2008|2010
Genesee,GENESEE,Flint City 15 Ward 3,4,1046,2012|2014|2016|2018
Wayne,WAYNE,Detroit City 1 Ward 10,2,1046,2008|2010
Kent,KENT,Grand Rapids City 42 Ward 3,2,1045,2008|2010
Wayne,WAYNE,Detroit City 34 Ward 9,2,1044,2008|2010
Wayne,WAYNE,Dearborn Heights City 30,2,1042,2008|2010
Bay,BAY,Bay City 3 Ward 3,2,1041,2008|2010
Oakland,OAKLAND,Pontiac City 27,2,1041,2008|2010
Wayne,WAYNE,Detroit City 18 Ward 18,2,1041,2008|2010
Kent,KENT,Walker City 3 Ward 3,1,1039,2008
Wayne,WAYNE,Detroit City 73 Ward 15,2,1037,2008|2010
Muskegon,MUSKEGON,Norton Shores City 11,2,1036,2008|2010
Barry,BARRY,Assyria Township 1A,1,1035,2008
Bay,BAY,Bay City 3 Ward 5,2,1034,2008|2010
Wayne,WAYNE,Detroit City 48 Ward 16,2,1034,2008|2010
Branch,BRANCH,Coldwater City 1A,2,1031,2008|2010
Wayne,WAYNE,Detroit City 36 Ward 14,2,1031,2008|2010
Wayne,WAYNE,Detroit City 37 Ward 5,2,1031,2008|2010
Wayne,WAYNE,Detroit City 47 Ward 5,2,1031,2008|2010
Macomb,MACOMB,Mount Clemens City 8,2,1030,2008|2010
Wayne,WAYNE,Detroit City 15 Ward 18,2,1030,2008|2010
Washtenaw,WASHTENAW,Pittsfield Township 13,1,1030,2018
Wayne,WAYNE,Detroit City 46 Ward 15,2,1029,2008|2010
Wayne,WAYNE,Detroit City 427,3,1028,2014|2016|2018
Wayne,WAYNE,Detroit City 6 Ward 21,2,1027,2008|2010
Wayne,WAYNE,Detroit City 1 Ward 20,2,1026,2008|2010
Wayne,WAYNE,Detroit City 131,3,1024,2014|2016|2018
Allegan,ALLEGAN,Holland City 5 Ward 13,2,1024,2012|2014
Wayne,WAYNE,Detroit City 214,3,1022,2014|2016|2018
Wayne,WAYNE,Detroit City 14 Ward 19,2,1021,2008|2010
Washtenaw,WASHTENAW,Lima Township 2,1,1021,2018
Wayne,WAYNE,Detroit City 20 Ward 5,2,1019,2008|2010
Wayne,WAYNE,Detroit City 31 Ward 16,2,1019,2008|2010
Wayne,WAYNE,Detroit City 15 Ward 12,2,1017,2008|2010
Wayne,WAYNE,Detroit City 30 Ward 16,2,1017,2008|2010
Wayne,WAYNE,Detroit City 13 Ward 15,2,1016,2008|2010
Wayne,WAYNE,Detroit City 46 Ward 16,2,1013,2008|2010
Genesee,GENESEE,Flint City 14,2,1012,2008|2010
Wayne,WAYNE,Detroit City 14 Ward 11,2,1011,2008|2010
Jackson,JACKSON,Summit Township 12,2,1010,2008|2010
Wayne,WAYNE,Detroit City 127 Ward 5,1,1009,2012
Wayne,WAYNE,Detroit City 71 Ward 6,2,1007,2008|2010
Oakland,OAKLAND,Rochester Hills City 11 Ward 4,1,1007,2012
Wayne,WAYNE,Detroit City 21,3,1003,2014|2016|2018
Saginaw,SAGINAW,Saginaw City 21,2,1002,2012|2014
Barry,BARRY,Hastings City 3 Ward 3,2,1001,2008|2010
Wayne,WAYNE,Detroit City 26 Ward 6,2,1000,2008|2010
Bay,BAY,Bay City 3 Ward 9,2,999,2008|2010
Barry,BARRY,Baltimore Township 1A,1,998,2008
Wayne,WAYNE,Detroit City 18 Ward 6,2,997,2008|2010
Wayne,WAYNE,Detroit City 3 Ward 15,2,997,2008|2010
Wayne,WAYNE,Detroit City 46 Ward 14,2,997,2008|2010
Wayne,WAYNE,Detroit City 7 Ward 18,2,997,2008|2010
Wayne,WAYNE,Detroit City 20 Ward 6,2,995,2008|2010
Bay,BAY,Bay City 3 Ward 6,2,993,2008|2010
Emmet,EMMET,Bear Creek Township 4,1,993,2008
Oakland,OAKLAND,Rochester Hills City 13 Ward 3,1,992,2012
Wayne,WAYNE,Detroit City 321,3,991,2014|2016|2018
Kent,KENT,Grand Rapids City 6 Ward 2,2,991,2008|2010
Macomb,MACOMB,Warren City 56,2,990,2008|2010
Wayne,WAYNE,Detroit City 397,3,989,2014|2016|2018
Genesee,GENESEE,Flint City 21,2,988,2008|2010
Wayne,WAYNE,Detroit City 11 Ward 5,2,988,2008|2010
Wayne,WAYNE,Inkster City 3 Ward 3,3,987,2008|2010|2012
Wayne,WAYNE,Detroit City 40 Ward 5,2,987,2008|2010
Kent,KENT,Kentwood City 18,1,985,2018
Genesee,GENESEE,Flint City 19 Ward 3,4,984,2012|2014|2016|2018
Genesee,GENESEE,Flint City 17,2,984,2008|2010
Wayne,WAYNE,Detroit City 38 Ward 16,2,984,2008|2010
Wayne,WAYNE,Detroit City 7 Ward 8,2,984,2008|2010
Wayne,WAYNE,Detroit City 42 Ward 20,2,983,2008|2010
Wayne,WAYNE,Detroit City 72 Ward 5,2,982,2008|2010
Wayne,WAYNE,Detroit City 25 Ward 5,2,981,2008|2010
Eaton,EATON,Delta Township 54,2,980,2008|2010
Wayne,WAYNE,Detroit City 27 Ward 3,2,977,2008|2010
Wayne,WAYNE,Detroit City 354,3,976,2014|2016|2018
Oakland,OAKLAND,Pontiac City 24,2,975,2008|2010
Wayne,WAYNE,Detroit City 28 Ward 9,2,974,2008|2010
Bay,BAY,Bay City 2 Ward 6,2,969,2008|2010
Oakland,OAKLAND,Rochester Hills City 2,2,969,2008|2010
Wayne,WAYNE,Detroit City 36 Ward 9,2,969,2008|2010
Saginaw,SAGINAW,Saginaw City 18A,2,968,2008|2010
Wayne,WAYNE,Detroit City 149,3,967,2014|2016|2018
Wayne,WAYNE,Detroit City 29 Ward 15,2,966,2008|2010
Wayne,WAYNE,Detroit City 40 Ward 20,2,966,2008|2010
Wayne,WAYNE,Detroit City 9 Ward 21,2,965,2008|2010
Wayne,WAYNE,Detroit City 106 Ward 4,1,965,2012
Wayne,WAYNE,Detroit City 37 Ward 19,2,964,2008|2010
Oakland,OAKLAND,Rochester Hills City 4 Ward 2,1,961,2012
Wayne,WAYNE,Detroit City 13 Ward 4,3,959,2008|2010|2012
Wayne,WAYNE,Detroit City 327,3,959,2014|2016|2018
Wayne,WAYNE,Detroit City 10 Ward 15,2,958,2008|2010
Oakland,OAKLAND,Rochester Hills City 3 Ward 3,1,957,2012
Wayne,WAYNE,Detroit City 25 Ward 16,2,956,2008|2010
Wayne,WAYNE,Detroit City 37 Ward 20,2,956,2008|2010
Livingston,LIVINGSTON,Genoa Township 13,2,954,2016|2018
Oakland,OAKLAND,Rochester Hills City 6,2,953,2008|2010
Cass,CASS,Dowagiac City 0 Ward 1,2,947,2008|2010
Calhoun,CALHOUN,Battle Creek City 18A,2,946,2008|2010
Ingham,INGHAM,Lansing City 10 Ward 3,2,946,2008|2010
Oakland,OAKLAND,Rochester Hills City 31 Ward 3,1,943,2012
Charlevoix,CHARLEVOIX,Charlevoix City 0 Ward 1,2,942,2008|2010
Baraga,BARAGA,Baraga Township 3,6,941,2008|2010|2012|2014|2016|2018
Wayne,WAYNE,Plymouth Township 15,1,941,2008
Barry,BARRY,Woodland Township 1A,1,938,2008
Allegan,ALLEGAN,Holland City 1 Ward 5,2,937,2008|2010
Wayne,WAYNE,Detroit City 9 Ward 19,2,937,2008|2010
Cass,CASS,Dowagiac City 0 Ward 3,2,936,2008|2010
Wayne,WAYNE,Detroit City 24 Ward 15,2,936,2008|2010
Wayne,WAYNE,Detroit City 33 Ward 22,2,936,2008|2010
Kent,KENT,Grand Rapids City 38 Ward 1,2,935,2008|2010
Wayne,WAYNE,Detroit City 18 Ward 21,2,935,2008|2010
Wayne,WAYNE,Detroit City 12 Ward 20,2,933,2008|2010
Wayne,WAYNE,Detroit City 41 Ward 20,2,932,2008|2010
Wayne,WAYNE,Detroit City 44 Ward 13,2,932,2008|2010
Bay,BAY,Bay City 2 Ward 8,2,931,2008|2010
Wayne,WAYNE,Detroit City 3 Ward 21,2,931,2008|2010
Macomb,MACOMB,Macomb Township 36,1,930,2018
Macomb,MACOMB,Warren City 86,1,929,2008
Wayne,WAYNE,Detroit City 43 Ward 4,3,926,2008|2010|2012
Bay,BAY,Bay City 2 Ward 9,2,926,2008|2010
Alcona,ALCONA,Harrisville City 1 Ward 1,4,925,2012|2014|2016|2018
Wayne,WAYNE,Detroit City 72 Ward 20,2,925,2008|2010
Wayne,WAYNE,Detroit City 17 Ward 15,2,924,2008|2010
Wayne,WAYNE,Detroit City 10 Ward 18,2,923,2008|2010
Wayne,WAYNE,Detroit City 28 Ward 16,2,923,2008|2010
Wayne,WAYNE,Detroit City 36 Ward 17,2,923,2008|2010
Wayne,WAYNE,Detroit City 45 Ward 5,2,923,2008|2010
Kent,KENT,Grand Rapids City 9 Ward 2,2,922,2008|2010
Wayne,WAYNE,Detroit City 308 Ward 1,1,922,2012
Schoolcraft,SCHOOLCRAFT,Manistique City 4,3,921,2008|2010|2012
Ottawa,OTTAWA,Holland City 1 Ward 2,2,920,2008|2010
Wayne,WAYNE,Detroit City 2 Ward 16,2,920,2008|2010
Wayne,WAYNE,Detroit City 10 Ward 16,2,919,2008|2010
Wayne,WAYNE,Detroit City 35 Ward 5,2,919,2008|2010
Wayne,WAYNE,Detroit City 45 Ward 16,2,914,2008|2010
Wayne,WAYNE,Detroit City 32 Ward 14,2,913,2008|2010
Wayne,WAYNE,Detroit City 22 Ward 6,2,912,2008|2010
Macomb,MACOMB,Sterling Heights City 47,2,911,2008|2010
Manistee,MANISTEE,Manistee City 4,4,910,2008|2010|2012|2014
Eaton,EATON,Delta Township 44,2,909,2008|2010
Genesee,GENESEE,Flint City 54 Ward 8,4,908,2012|2014|2016|2018
Oakland,OAKLAND,Pontiac City 22,2,907,2008|2010
Wayne,WAYNE,Detroit City 22 Ward 22,2,907,2008|2010
Kent,KENT,Walker City 3 Ward 2,1,907,2008
Genesee,GENESEE,Flint City 23,2,906,2008|2010
Wayne,WAYNE,Detroit City 11 Ward 14,2,906,2008|2010
Wayne,WAYNE,Detroit City 2 Ward 9,2,906,2008|2010
Ionia,IONIA,Portland Township 2,1,905,2018
Alpena,ALPENA,Long Rapids Township 1 Ward 1,2,904,2008|2010
Wayne,WAYNE,Detroit City 11 Ward 6,2,902,2008|2010
Wayne,WAYNE,Detroit City 24 Ward 6,2,902,2008|2010
Oakland,OAKLAND,Oak Park City 18,2,901,2008|2010
Wayne,WAYNE,Detroit City 1 Ward 4,2,901,2008|2010
Genesee,GENESEE,Flint City 18 Ward 3,4,899,2012|2014|2016|2018
Gogebic,GOGEBIC,Ironwood City 4,2,899,2008|2010
Wayne,WAYNE,Detroit City 1 Ward 13,2,899,2008|2010
Kent,KENT,Nelson Township 3,6,898,2008|2010|2012|2014|2016|2018
Genesee,GENESEE,Flint City 32,2,898,2008|2010
Wayne,WAYNE,Detroit City 1 Ward 5,3,895,2008|2010|2012
Wayne,WAYNE,Detroit City 40 Ward 13,2,895,2008|2010
Wayne,WAYNE,Detroit City 14 Ward 13,2,892,2008|2010
Wayne,WAYNE,Detroit City 2 Ward 3,2,892,2008|2010
Wayne,WAYNE,Dearborn Heights City 34,2,891,2008|2010
Macomb,MACOMB,Warren City 74,1,891,2008
Wayne,WAYNE,Detroit City 358,3,890,2014|2016|2018
Wayne,WAYNE,Detroit City 314,3,889,2014|2016|2018
Wayne,WAYNE,Detroit City 34 Ward 19,2,887,2008|2010
Wayne,WAYNE,Detroit City 73 Ward 17,2,887,2008|2010
Muskegon,MUSKEGON,Muskegon City 8,2,886,2008|2010
Allegan,ALLEGAN,Holland City 4 Ward 9,1,886,2012
Hillsdale,HILLSDALE,Hillsdale City 2,2,885,2008|2010
Wayne,WAYNE,Dearborn Heights City 28,2,884,2008|2010
Wayne,WAYNE,Detroit City 48 Ward 21,2,884,2008|2010
Wayne,WAYNE,Detroit City 6 Ward 24,2,883,2008|2010
Wayne,WAYNE,Detroit City 19 Ward 12,2,882,2008|2010
Macomb,MACOMB,Warren City 54,1,882,2010
Ingham,INGHAM,Lansing City 8 Ward 2,2,880,2008|2010
Wayne,WAYNE,Detroit City 10 Ward 21,2,879,2008|2010
Wayne,WAYNE,Detroit City 38 Ward 13,2,879,2008|2010
Wayne,WAYNE,Detroit City 10 Ward 22,2,874,2008|2010
Bay,BAY,Portsmouth Township 3,2,871,2008|2010
Wayne,WAYNE,Detroit City 10 Ward 14,2,868,2008|2010
Wayne,WAYNE,Detroit City 45 Ward 15,2,868,2008|2010
Wayne,WAYNE,Detroit City 43 Ward 19,2,867,2008|2010
Wayne,WAYNE,Detroit City 37 Ward 13,2,866,2008|2010
Wayne,WAYNE,Detroit City 71 Ward 20,2,866,2008|2010
Wayne,WAYNE,Detroit City 74 Ward 15,2,865,2008|2010
Oakland,OAKLAND,Rochester Hills City 15 Ward 4,1,864,2012
Wayne,WAYNE,Detroit City 118,3,862,2014|2016|2018
Jackson,JACKSON,Columbia Township 4,2,859,2008|2010
Wayne,WAYNE,Detroit City 35 Ward 6,2,859,2008|2010
Wayne,WAYNE,Detroit City 38 Ward 20,2,859,2008|2010
Wayne,WAYNE,Detroit City 7 Ward 19,2,858,2008|2010
Wayne,WAYNE,Detroit City 71 Ward 11,2,857,2008|2010
Kent,KENT,Grand Rapids City 2 Ward 3,2,856,2008|2010
Wayne,WAYNE,Detroit City 29 Ward 20,2,856,2008|2010
Bay,BAY,Fraser Township 2,1,856,2008
Oakland,OAKLAND,Rochester Hills City 7 Ward 2,1,856,2012
Dickinson,DICKINSON,Sagola Township 2,6,855,2008|2010|2012|2014|2016|2018
Wayne,WAYNE,Detroit City 8 Ward 14,2,852,2008|2010
Genesee,GENESEE,Flint City 58,2,851,2008|2010
Wayne,WAYNE,Detroit City 46 Ward 20,2,851,2008|2010
Washtenaw,WASHTENAW,Ann Arbor City 12 Ward 5,1,851,2018
Oakland,OAKLAND,Pontiac City 15,2,850,2008|2010
Wayne,WAYNE,Detroit City 8 Ward 6,2,850,2008|2010
Wayne,WAYNE,Ecorse City 8,2,850,2008|2010
Wayne,WAYNE,Romulus City 18,3,849,2008|2010|2012
Macomb,MACOMB,Warren City 57,1,848,2010
Muskegon,MUSKEGON,Norton Shores City 8,2,847,2008|2010
Muskegon,MUSKEGON,Laketon Township 4,2,845,2008|2010
Wayne,WAYNE,Detroit City 4 Ward 5,2,845,2008|2010
Wayne,WAYNE,Detroit City 11 Ward 9,2,844,2008|2010
Wayne,WAYNE,Detroit City 29 Ward 5,2,844,2008|2010
Wayne,WAYNE,Detroit City 4 Ward 18,2,842,2008|2010
Oakland,OAKLAND,Rochester Hills City 20 Ward 4,1,838,2012
Wayne,WAYNE,Detroit City 3 Ward 17,2,836,2008|2010
Wayne,WAYNE,Detroit City 21 Ward 16,2,835,2008|2010
Wayne,WAYNE,Detroit City 27 Ward 8,2,835,2008|2010
Wayne,WAYNE,Detroit City 108,3,832,2014|2016|2018
Wayne,WAYNE,Detroit City 5 Ward 18,2,832,2008|2010
Jackson,JACKSON,Jackson City 3 Ward 1,2,830,2008|2010
Wayne,WAYNE,Detroit City 187,3,828,2014|2016|2018
Allegan,ALLEGAN,Watson Township 1A,2,827,2008|2010
Wayne,WAYNE,Detroit City 30 Ward 21,2,827,2008|2010
Wayne,WAYNE,Detroit City 33 Ward 5,2,827,2008|2010
Wayne,WAYNE,Detroit City 72 Ward 16,2,827,2008|2010
Wayne,WAYNE,Detroit City 262,3,826,2014|2016|2018
Macomb,MACOMB,Warren City 84,1,826,2008
St. Joseph,ST. JOSEPH,Three Rivers City 4,2,825,2008|2010
Wayne,WAYNE,Detroit City 29 Ward 19,2,825,2008|2010
Midland,MIDLAND,Homer Township 4,1,822,2008
Wayne,WAYNE,Detroit City 33 Ward 20,2,821,2008|2010
Wayne,WAYNE,Detroit City 22 Ward 16,2,820,2008|2010
Kent,KENT,Grand Rapids City 13 Ward 3,1,819,2010
Wayne,WAYNE,Detroit City 36 Ward 20,2,817,2008|2010
Wayne,WAYNE,Detroit City 332,3,815,2014|2016|2018
Wayne,WAYNE,Detroit City 367,3,815,2014|2016|2018
Wayne,WAYNE,Detroit City 8 Ward 5,2,815,2008|2010
Wayne,WAYNE,Dearborn Heights City 39,2,813,2008|2010
Wayne,WAYNE,Detroit City 13 Ward 25,2,809,2008|2010
Wayne,WAYNE,Detroit City 28 Ward 12,2,808,2008|2010
Wayne,WAYNE,Detroit City 15 Ward 17,2,807,2008|2010
Tuscola,TUSCOLA,Almer Township 2,1,807,2008
Wayne,WAYNE,Highland Park City 25,5,806,2008|2010|2012|2014|2016
Wayne,WAYNE,Detroit City 15 Ward 16,2,805,2008|2010
Macomb,MACOMB,Chesterfield Township 17,3,803,2008|2010|2012
Wayne,WAYNE,Detroit City 42 Ward 4,3,799,2008|2010|2012
Genesee,GENESEE,Flint City 18,2,799,2008|2010
Wayne,WAYNE,Detroit City 12 Ward 13,2,799,2008|2010
Wayne,WAYNE,Detroit City 36 Ward 19,2,799,2008|2010
Saginaw,SAGINAW,Saginaw City 18,2,795,2012|2014
Wayne,WAYNE,Detroit City 235,3,794,2014|2016|2018
Bay,BAY,Bay City 2 Ward 3,2,794,2008|2010
Gratiot,GRATIOT,Elba Township 1A,2,793,2008|2010
Macomb,MACOMB,Macomb Township 37,1,793,2018
Marquette,MARQUETTE,Powell Township 2,6,792,2008|2010|2012|2014|2016|2018
Macomb,MACOMB,Harrison Township 11,1,792,2008
Wayne,WAYNE,Detroit City 349 Ward 7,1,791,2012
Wayne,WAYNE,Detroit City 40 Ward 16,2,789,2008|2010
Macomb,MACOMB,Warren City 93,1,789,2008
Wayne,WAYNE,Detroit City 119,3,788,2014|2016|2018
Wayne,WAYNE,Detroit City 20 Ward 25,2,787,2008|2010
Wayne,WAYNE,Detroit City 39 Ward 11,2,787,2008|2010
Wayne,WAYNE,Detroit City 72 Ward 7,2,787,2008|2010
Wayne,WAYNE,Detroit City 196,3,786,2014|2016|2018
Wayne,WAYNE,Detroit City 38 Ward 11,2,785,2008|2010
Mason,MASON,Scottville City 2 Ward 2,4,782,2012|2014|2016|2018
Wayne,WAYNE,Detroit City 1 Ward 6,2,782,2008|2010
Wayne,WAYNE,Detroit City 401,3,781,2014|2016|2018
Wayne,WAYNE,Detroit City 31 Ward 13,2,781,2008|2010
Wayne,WAYNE,Detroit City 50 Ward 15,2,781,2008|2010
Genesee,GENESEE,Flint City 39,2,780,2008|2010
Wayne,WAYNE,Detroit City 34 Ward 4,1,780,2012
Wayne,WAYNE,Detroit City 32 Ward 19,2,778,2008|2010
Wayne,WAYNE,Detroit City 71 Ward 19,2,776,2008|2010
Wayne,WAYNE,Detroit City 42 Ward 9,2,775,2008|2010
Wayne,WAYNE,Detroit City 9 Ward 14,2,775,2008|2010
Gratiot,GRATIOT,Emerson Township 1A,2,774,2008|2010
Wayne,WAYNE,Dearborn Heights City 33,2,774,2008|2010
Wayne,WAYNE,Detroit City 23 Ward 19,2,773,2008|2010
Wayne,WAYNE,Detroit City 24 Ward 19,2,773,2008|2010
Macomb,MACOMB,Warren City 108,1,773,2008
Wayne,WAYNE,Detroit City 6 Ward 8,2,772,2008|2010
Wayne,WAYNE,Detroit City 28 Ward 19,2,771,2008|2010
Wayne,WAYNE,Detroit City 9 Ward 17,2,770,2008|2010
Wayne,WAYNE,Detroit City 28 Ward 15,2,768,2008|2010
Wayne,WAYNE,Detroit City 17,3,767,2014|2016|2018
Oakland,OAKLAND,Pontiac City 5,2,767,2008|2010
Wayne,WAYNE,Detroit City 48 Ward 4,3,766,2008|2010|2012
Wayne,WAYNE,Detroit City 26 Ward 14,2,766,2008|2010
Wayne,WAYNE,Detroit City 6 Ward 3,2,765,2008|2010
Wayne,WAYNE,Detroit City 24 Ward 14,2,764,2008|2010
Wayne,WAYNE,Detroit City 15 Ward 5,2,762,2008|2010
Wayne,WAYNE,Detroit City 21 Ward 10,2,761,2008|2010
Genesee,GENESEE,Flint Township 19,2,759,2008|2010
Wayne,WAYNE,Detroit City 31 Ward 18,2,759,2008|2010
Wayne,WAYNE,Detroit City 37 Ward 22,2,759,2008|2010
Wayne,WAYNE,Detroit City 75 Ward 15,2,759,2008|2010
Bay,BAY,Bay City 2 Ward 4,2,755,2008|2010
Saginaw,SAGINAW,Saginaw City 18B,2,755,2008|2010
Macomb,MACOMB,Warren City 40 Ward 1,2,754,2012|2018
Kent,KENT,Kentwood City 17,1,754,2018
Wayne,WAYNE,Detroit City 379 Ward 1,1,754,2012
Oakland,OAKLAND,Pontiac City 10 Ward 4,4,753,2012|2014|2016|2018
Wayne,WAYNE,Detroit City 16 Ward 5,2,753,2008|2010
Wayne,WAYNE,Detroit City 33 Ward 8,2,753,2008|2010
Wayne,WAYNE,Detroit City 29 Ward 18,2,752,2008|2010
Wayne,WAYNE,Detroit City 47 Ward 19,2,751,2008|2010
Wayne,WAYNE,Detroit City 15 Ward 20,2,750,2008|2010
Wayne,WAYNE,Detroit City 351 Ward 1,1,749,2012
Wayne,WAYNE,Detroit City 32 Ward 17,2,747,2008|2010
Eaton,EATON,Grand Ledge City 2 Ward 2,1,747,2010
Allegan,ALLEGAN,Watson Township 1B,2,746,2008|2010
Manistee,MANISTEE,Manistee City 7,4,745,2008|2010|2012|2014
Kent,KENT,Grand Rapids City 44 Ward 1,1,745,2008
Wayne,WAYNE,Detroit City 110,3,744,2014|2016|2018
Wayne,WAYNE,Detroit City 1 Ward 11,2,744,2008|2010
Wayne,WAYNE,Detroit City 4 Ward 25,2,744,2008|2010
Wayne,WAYNE,Detroit City 67,3,743,2014|2016|2018
Wayne,WAYNE,Detroit City 44 Ward 12,2,743,2008|2010
Wayne,WAYNE,Detroit City 20 Ward 11,2,742,2008|2010
Wayne,WAYNE,Detroit City 345 Ward 7,1,742,2012
Wayne,WAYNE,Detroit City 27 Ward 13,2,741,2008|2010
Wayne,WAYNE,Grosse Pointe Township 2,1,741,2008
Wayne,WAYNE,Detroit City 7 Ward 7,2,740,2008|2010
Wayne,WAYNE,Detroit City 83 Ward 3,1,739,2012
Wayne,WAYNE,Detroit City 36 Ward 12,2,738,2008|2010
Macomb,MACOMB,Warren City 70,1,738,2008
Wayne,WAYNE,Detroit City 4 Ward 24,2,736,2008|2010
Wayne,WAYNE,Detroit City 352 Ward 1,1,735,2012
Wayne,WAYNE,Detroit City 170,3,734,2014|2016|2018
Wayne,WAYNE,Detroit City 27 Ward 15,2,734,2008|2010
Genesee,GENESEE,Flint City 43 Ward 6,4,733,2012|2014|2016|2018
Wayne,WAYNE,Detroit City 34 Ward 13,2,732,2008|2010
Wayne,WAYNE,Detroit City 369 Ward 7,1,732,2012
Wayne,WAYNE,Detroit City 18 Ward 17,2,730,2008|2010
Wayne,WAYNE,Detroit City 34 Ward 17,2,730,2008|2010
Genesee,GENESEE,Flint City 32 Ward 5,4,729,2012|2014|2016|2018
Wayne,WAYNE,Detroit City 366,3,729,2014|2016|2018
Macomb,MACOMB,Warren City 42 Ward 2,2,728,2012|2018
Wayne,WAYNE,Detroit City 11 Ward 8,2,728,2008|2010
Wayne,WAYNE,Detroit City 13 Ward 3,2,728,2008|2010
Wayne,WAYNE,Detroit City 42 Ward 14,2,727,2008|2010
Saginaw,SAGINAW,Saginaw City 4B,2,726,2008|2010
Wayne,WAYNE,Detroit City 80 Ward 3,1,726,2012
Wayne,WAYNE,Detroit City 152,3,724,2014|2016|2018
Wayne,WAYNE,Detroit City 303,3,723,2014|2016|2018
Wayne,WAYNE,Dearborn Heights City 38,2,723,2008|2010
Oakland,OAKLAND,Rochester Hills City 2 Ward 3,1,723,2012
Wayne,WAYNE,Detroit City 153,3,721,2014|2016|2018
Wayne,WAYNE,Detroit City 445,3,721,2014|2016|2018
Wayne,WAYNE,Detroit City 488,3,721,2014|2016|2018
Wayne,WAYNE,Detroit City 38 Ward 25,2,720,2008|2010
Bay,BAY,Bangor Township 7,2,719,2008|2010
Saginaw,SAGINAW,Saginaw City 4A,2,719,2008|2010
Wayne,WAYNE,Detroit City 343 Ward 7,1,719,2012
Wayne,WAYNE,Detroit City 344 Ward 7,1,719,2012
Wayne,WAYNE,Detroit City 476,3,718,2014|2016|2018
Wayne,WAYNE,Detroit City 33 Ward 13,2,717,2008|2010
Wayne,WAYNE,Detroit City 42 Ward 13,2,717,2008|2010
Wayne,WAYNE,Detroit City 49 Ward 15,2,717,2008|2010
Wayne,WAYNE,Detroit City 12 Ward 15,2,716,2008|2010
Wayne,WAYNE,Detroit City 23 Ward 22,2,715,2008|2010
Oakland,OAKLAND,Pontiac City 16,2,713,2008|2010
Macomb,MACOMB,Warren City 76,1,713,2008
Wayne,WAYNE,Detroit City 17 Ward 22,2,712,2008|2010
Wayne,WAYNE,Detroit City 72 Ward 17,2,712,2008|2010
Macomb,MACOMB,Warren City 94,1,712,2008
Wayne,WAYNE,Detroit City 32 Ward 12,2,711,2008|2010
Wayne,WAYNE,Detroit City 40 Ward 15,2,711,2008|2010
Wayne,WAYNE,Detroit City 257 Ward 2,1,711,2012
Alger,ALGER,Munising Township 3,2,709,2010|2012
Wayne,WAYNE,Detroit City 1 Ward 21,2,709,2008|2010
Wayne,WAYNE,Detroit City 32 Ward 5,2,709,2008|2010
Wayne,WAYNE,Detroit City 8 Ward 18,2,709,2008|2010
Wayne,WAYNE,Detroit City 298 Ward 1,1,709,2012
Wayne,WAYNE,Detroit City 384 Ward 2,1,708,2012
Wayne,WAYNE,Detroit City 8 Ward 13,2,707,2008|2010
Wayne,WAYNE,Detroit City 254 Ward 1,1,706,2012
Kent,KENT,Grand Rapids City 14 Ward 3,1,704,2008
Wayne,WAYNE,Detroit City 466 Ward 6,1,704,2012
Crawford,CRAWFORD,Grayling Township 302,4,703,2012|2014|2016|2018
Wayne,WAYNE,Detroit City 16 Ward 8,2,703,2008|2010
Wayne,WAYNE,Detroit City 71 Ward 17,2,703,2008|2010
Wayne,WAYNE,Detroit City 18 Ward 11,2,702,2008|2010
Wayne,WAYNE,Detroit City 255,3,701,2014|2016|2018
Wayne,WAYNE,Detroit City 8 Ward 21,2,701,2008|2010
Wayne,WAYNE,Detroit City 207 Ward 2,1,701,2012
Wayne,WAYNE,Detroit City 274,3,700,2014|2016|2018
Genesee,GENESEE,Genesee Township 14,2,699,2008|2010
Macomb,MACOMB,Warren City 109,1,698,2008
Wayne,WAYNE,Detroit City 382,3,697,2014|2016|2018
Wayne,WAYNE,Dearborn Heights City 31,2,696,2008|2010
Wayne,WAYNE,Detroit City 22 Ward 7,2,696,2008|2010
Wayne,WAYNE,Detroit City 27 Ward 21,2,696,2008|2010
Wayne,WAYNE,Detroit City 43 Ward 16,2,696,2008|2010
Wayne,WAYNE,Detroit City 18 Ward 4,1,696,2012
Clare,CLARE,Sheridan Township 2,3,695,2008|2010|2012
Wayne,WAYNE,Detroit City 347 Ward 7,1,694,2012
Macomb,MACOMB,Warren City 39 Ward 1,2,692,2012|2018
Wayne,WAYNE,Detroit City 2 Ward 13,2,692,2008|2010
Wayne,WAYNE,Detroit City 5 Ward 19,2,691,2008|2010
Wayne,WAYNE,Detroit City 41 Ward 15,2,690,2008|2010
Wayne,WAYNE,Detroit City 48 Ward 6,2,689,2008|2010
Wayne,WAYNE,Detroit City 33 Ward 21,2,688,2008|2010
Kent,KENT,Grand Rapids City 15 Ward 3,1,687,2010
Wayne,WAYNE,Detroit City 6 Ward 14,2,686,2008|2010
Eaton,EATON,Lansing City 6 Ward 3,1,685,2010
Wayne,WAYNE,Detroit City 225 Ward 2,1,685,2012
Macomb,MACOMB,Warren City 110,1,684,2008
Wayne,WAYNE,Detroit City 136 Ward 5,1,684,2012
Wayne,WAYNE,Detroit City 84 Ward 3,1,684,2012
Wayne,WAYNE,Detroit City 150 Ward 6,1,683,2012
Wayne,WAYNE,Detroit City 8 Ward 12,2,682,2008|2010
Wayne,WAYNE,Detroit City 9 Ward 20,2,682,2008|2010
Kent,KENT,Grand Rapids City 43 Ward 1,1,682,2008
Wayne,WAYNE,Detroit City 5 Ward 17,2,679,2008|2010
Wayne,WAYNE,Detroit City 51 Ward 15,2,679,2008|2010
Eaton,EATON,Bellevue Township 1A,1,679,2010
Wayne,WAYNE,Detroit City 25 Ward 17,2,678,2008|2010
Wayne,WAYNE,Detroit City 6 Ward 7,2,678,2008|2010
Wayne,WAYNE,Detroit City 71 Ward 5,2,677,2008|2010
Barry,BARRY,Maple Grove Township 1C,1,676,2008
Wayne,WAYNE,Detroit City 7 Ward 26,2,675,2008|2010
Wayne,WAYNE,Detroit City 57,3,674,2014|2016|2018
Wayne,WAYNE,Detroit City 6 Ward 11,2,674,2008|2010
Wayne,WAYNE,Detroit City 1 Ward 24,2,673,2008|2010
Macomb,MACOMB,Warren City 105,1,673,2008
Wayne,WAYNE,Detroit City 25 Ward 15,2,672,2008|2010
Wayne,WAYNE,Detroit City 142,3,671,2014|2016|2018
Wayne,WAYNE,Detroit City 30 Ward 8,2,671,2008|2010
Wayne,WAYNE,Detroit City 271 Ward 1,1,671,2012
Wayne,WAYNE,Detroit City 413 Ward 7,1,671,2012
Lake,LAKE,Pleasant Plains Township 14,4,670,2008|2010|2012|2014
Wayne,WAYNE,Detroit City 96,3,670,2014|2016|2018
Wayne,WAYNE,Detroit City 8 Ward 15,2,669,2008|2010
Washtenaw,WASHTENAW,Ann Arbor City 11 Ward 1,1,669,2018
Wayne,WAYNE,Detroit City 35 Ward 7,2,668,2008|2010
Wayne,WAYNE,Detroit City 8 Ward 23,2,668,2008|2010
Kent,KENT,Grand Rapids City 42 Ward 1,1,668,2008
Genesee,GENESEE,Flint City 19,2,665,2008|2010
Wayne,WAYNE,Detroit City 1 Ward 7,2,665,2008|2010
Wayne,WAYNE,Detroit City 276 Ward 1,1,665,2012
Wayne,WAYNE,Detroit City 431,3,664,2014|2016|2018
Wayne,WAYNE,Detroit City 19 Ward 6,2,664,2008|2010
Wayne,WAYNE,Detroit City 158 Ward 5,1,664,2012
Berrien,BERRIEN,St. Joseph City 4,1,663,2008
Wayne,WAYNE,Detroit City 263 Ward 1,1,663,2012
Wayne,WAYNE,Detroit City 33 Ward 17,2,662,2008|2010
Wayne,WAYNE,Detroit City 13,3,660,2014|2016|2018
Wayne,WAYNE,Detroit City 71 Ward 16,2,660,2008|2010
Wayne,WAYNE,Detroit City 463,3,658,2014|2016|2018
Wayne,WAYNE,Detroit City 29 Ward 23,2,657,2008|2010
Wayne,WAYNE,Detroit City 68 Ward 3,1,657,2012
Wayne,WAYNE,Detroit City 13 Ward 6,2,656,2008|2010
Wayne,WAYNE,Detroit City 236 Ward 2,1,656,2012
Wayne,WAYNE,Detroit City 18 Ward 15,2,655,2008|2010
Wayne,WAYNE,Detroit City 47 Ward 16,2,655,2008|2010
Wayne,WAYNE,Detroit City 115 Ward 5,1,655,2012
Wayne,WAYNE,Detroit City 82 Ward 3,1,655,2012
Wayne,WAYNE,Detroit City 18 Ward 14,2,654,2008|2010
Wayne,WAYNE,Detroit City 25 Ward 10,2,654,2008|2010
Wayne,WAYNE,Detroit City 29 Ward 16,2,654,2008|2010
Wayne,WAYNE,Detroit City 6 Ward 17,2,654,2008|2010
Wayne,WAYNE,Detroit City 81 Ward 3,1,654,2012
Wayne,WAYNE,Detroit City 265 Ward 1,1,653,2012
Wayne,WAYNE,Detroit City 35 Ward 16,2,652,2008|2010
Wayne,WAYNE,Detroit City 306 Ward 1,1,652,2012
Wayne,WAYNE,Detroit City 312 Ward 1,1,652,2012
Wayne,WAYNE,Detroit City 24 Ward 23,2,651,2008|2010
Wayne,WAYNE,Detroit City 43 Ward 15,2,651,2008|2010
Wayne,WAYNE,Detroit City 315 Ward 1,1,651,2012
Wayne,WAYNE,Detroit City 324 Ward 1,1,651,2012
Wayne,WAYNE,Detroit City 125 Ward 5,1,650,2012
Wayne,WAYNE,Detroit City 30 Ward 7,2,648,2008|2010
Wayne,WAYNE,Detroit City 1 Ward 16,2,647,2008|2010
Wayne,WAYNE,Detroit City 22 Ward 13,2,647,2008|2010
Macomb,MACOMB,Warren City 61,1,646,2008
Wayne,WAYNE,Detroit City 48 Ward 5,2,645,2008|2010
Wayne,WAYNE,Detroit City 66 Ward 3,1,645,2012
Washtenaw,WASHTENAW,Dexter City 3 Ward 1,1,643,2018
Wayne,WAYNE,Detroit City 208 Ward 2,1,643,2012
Wayne,WAYNE,Detroit City 287 Ward 1,1,643,2012
Wayne,WAYNE,Detroit City 206,3,642,2014|2016|2018
Kent,KENT,Grand Rapids City 48 Ward 3,1,642,2008
Wayne,WAYNE,Detroit City 23 Ward 3,2,640,2008|2010
Wayne,WAYNE,Detroit City 63 Ward 3,1,640,2012
Wayne,WAYNE,Detroit City 356 Ward 7,1,639,2012
Eaton,EATON,Delta Township 81,2,638,2008|2010
Wayne,WAYNE,Detroit City 2 Ward 11,2,638,2008|2010
Tuscola,TUSCOLA,Indianfields Township 2,1,637,2008
Wayne,WAYNE,Detroit City 418 Ward 6,1,637,2012
Wayne,WAYNE,Detroit City 30,3,636,2014|2016|2018
Wayne,WAYNE,Detroit City 40 Ward 22,2,636,2008|2010
Wayne,WAYNE,Detroit City 323 Ward 1,1,636,2012
Wayne,WAYNE,Detroit City 20 Ward 18,2,634,2008|2010
Wayne,WAYNE,Detroit City 73 Ward 20,2,634,2008|2010
Wayne,WAYNE,Detroit City 6 Ward 25,2,633,2008|2010
Wayne,WAYNE,Plymouth Township 14,1,633,2008
Wayne,WAYNE,Detroit City 45 Ward 4,1,631,2012
Wayne,WAYNE,Detroit City 213,3,630,2014|2016|2018
Wayne,WAYNE,Detroit City 24 Ward 8,2,630,2008|2010
Wayne,WAYNE,Detroit City 281 Ward 1,1,630,2012
Wayne,WAYNE,Detroit City 485 Ward 6,1,630,2012
Wayne,WAYNE,Detroit City 18 Ward 7,2,629,2008|2010
Eaton,EATON,Grand Ledge City 1 Ward 1,1,629,2010
Macomb,MACOMB,Warren City 82,1,629,2008
Wayne,WAYNE,Detroit City 341 Ward 7,1,628,2012
Wayne,WAYNE,Detroit City 14 Ward 17,2,626,2008|2010
Wayne,WAYNE,Detroit City 7 Ward 23,2,626,2008|2010
Wayne,WAYNE,Detroit City 355 Ward 7,1,626,2012
Macomb,MACOMB,Warren City 85,1,625,2008
Wayne,WAYNE,Detroit City 184 Ward 3,1,625,2012
Houghton,HOUGHTON,Franklin Township 4,5,622,2008|2010|2012|2014|2018
Wayne,WAYNE,Highland Park City 7,5,621,2008|2010|2012|2014|2016
Wayne,WAYNE,Detroit City 23 Ward 5,2,621,2008|2010
Wayne,WAYNE,Detroit City 217 Ward 2,1,621,2012
Wayne,WAYNE,Detroit City 41 Ward 25,2,620,2008|2010
Wayne,WAYNE,Dearborn Heights City 37,2,619,2008|2010
Barry,BARRY,Castleton Township 1C,1,619,2008
Wayne,WAYNE,Detroit City 30 Ward 23,2,618,2008|2010
Wayne,WAYNE,Detroit City 464 Ward 6,1,618,2012
Genesee,GENESEE,Flint City 51,2,616,2008|2010
Wayne,WAYNE,Detroit City 14 Ward 7,2,616,2008|2010
Wayne,WAYNE,Detroit City 21 Ward 23,2,616,2008|2010
Wayne,WAYNE,Detroit City 279 Ward 1,1,615,2012
Oakland,OAKLAND,Pontiac City 12,2,613,2008|2010
Wayne,WAYNE,Detroit City 19 Ward 17,2,613,2008|2010
Wayne,WAYNE,Detroit City 410 Ward 7,1,612,2012
Wayne,WAYNE,Detroit City 35 Ward 21,2,610,2008|2010
Wayne,WAYNE,Detroit City 43 Ward 13,2,610,2008|2010
Wayne,WAYNE,Detroit City 233 Ward 2,1,610,2012
Wayne,WAYNE,Detroit City 83 Ward 17,2,609,2008|2010
Wayne,WAYNE,Detroit City 9 Ward 26,2,609,2008|2010
Wayne,WAYNE,Detroit City 277,3,608,2014|2016|2018
Wayne,WAYNE,Detroit City 21 Ward 9,2,608,2008|2010
Wayne,WAYNE,Detroit City 1 Ward 15,2,607,2008|2010
Wayne,WAYNE,Detroit City 55 Ward 15,2,607,2008|2010
Wayne,WAYNE,Detroit City 6 Ward 22,2,607,2008|2010
Wayne,WAYNE,Detroit City 42,3,605,2014|2016|2018
Wayne,WAYNE,Detroit City 75 Ward 3,1,604,2012
Wayne,WAYNE,Ecorse City 9,2,603,2008|2010
Wayne,WAYNE,Detroit City 123 Ward 5,1,602,2012
Wayne,WAYNE,Detroit City 147 Ward 6,1,602,2012
Oakland,OAKLAND,Pontiac City 26,2,601,2008|2010
Wayne,WAYNE,Detroit City 26 Ward 15,2,601,2008|2010
Wayne,WAYNE,Detroit City 4 Ward 20,2,601,2008|2010
Wayne,WAYNE,Detroit City 483 Ward 6,1,600,2012
Wayne,WAYNE,Detroit City 24 Ward 18,2,599,2008|2010
Macomb,MACOMB,Warren City 68,1,598,2008
Wayne,WAYNE,Detroit City 179 Ward 3,1,596,2012
Wayne,WAYNE,Detroit City 361 Ward 1,1,595,2012
Lake,LAKE,Pleasant Plains Township 13,4,594,2008|2010|2012|2014
Wayne,WAYNE,Detroit City 23 Ward 21,2,594,2008|2010
Kent,KENT,Grand Rapids City 41 Ward 1,1,594,2008
Macomb,MACOMB,Warren City 67,1,594,2008
Arenac,ARENAC,Standish City 1 Ward 1,2,593,2008|2010
Berrien,BERRIEN,St. Joseph City 6,1,593,2008
Oakland,OAKLAND,Hazel Park City 7,3,592,2008|2010|2012
Wayne,WAYNE,Detroit City 41 Ward 14,2,592,2008|2010
Macomb,MACOMB,Warren City 90,1,592,2008
Kent,KENT,Grand Rapids City 19 Ward 3,1,591,2008
Wayne,WAYNE,Detroit City 383 Ward 2,1,591,2012
Wayne,WAYNE,Detroit City 23 Ward 17,2,590,2008|2010
Kent,KENT,Grand Rapids City 23 Ward 2,1,587,2008
Wayne,WAYNE,Detroit City 250 Ward 2,1,587,2012
Arenac,ARENAC,Whitney Township 11,1,586,2008
Ogemaw,OGEMAW,Rose City 1 Ward 1,6,585,2008|2010|2012|2014|2016|2018
Wayne,WAYNE,Detroit City 134 Ward 5,1,585,2012
Wayne,WAYNE,Detroit City 342 Ward 7,1,585,2012
Wayne,WAYNE,Detroit City 258 Ward 2,1,584,2012
Wayne,WAYNE,Detroit City 484 Ward 6,1,584,2012
Wayne,WAYNE,Detroit City 451 Ward 6,1,582,2012
Livingston,LIVINGSTON,Genoa Township 12,6,581,2008|2010|2012|2014|2016|2018
Wayne,WAYNE,Detroit City 32 Ward 15,2,581,2008|2010
Kent,KENT,Grand Rapids City 31 Ward 3,1,581,2008
Wayne,WAYNE,Detroit City 14 Ward 15,2,580,2008|2010
Wayne,WAYNE,Detroit City 5 Ward 12,2,580,2008|2010
Wayne,WAYNE,Detroit City 47 Ward 4,1,580,2012
Washtenaw,WASHTENAW,Ypsilanti Township 16,2,579,2008|2010
Wayne,WAYNE,Detroit City 1 Ward 3,2,579,2008|2010
Wayne,WAYNE,Detroit City 330 Ward 7,1,578,2012
Wayne,WAYNE,Detroit City 37 Ward 4,1,577,2012
Wayne,WAYNE,Detroit City 114,3,575,2014|2016|2018
Wayne,WAYNE,Detroit City 232 Ward 2,1,575,2012
Wayne,WAYNE,Detroit City 245 Ward 2,1,575,2012
Ionia,IONIA,Ionia City 1 Ward 3,1,574,2012
Crawford,CRAWFORD,Maple Forest Township 1,2,573,2008|2010
Wayne,WAYNE,Detroit City 124 Ward 5,1,573,2012
Wayne,WAYNE,Detroit City 15 Ward 22,2,572,2008|2010
Alger,ALGER,Munising City 2,1,571,2010
Wayne,WAYNE,Detroit City 311 Ward 1,1,571,2012
Wayne,WAYNE,Detroit City 1 Ward 14,2,570,2008|2010
Oakland,OAKLAND,Pontiac City 10,2,569,2008|2010
Wayne,WAYNE,Detroit City 182 Ward 3,1,569,2012
Wayne,WAYNE,Detroit City 6 Ward 26,2,568,2008|2010
Wayne,WAYNE,Detroit City 482 Ward 6,1,568,2012
Wayne,WAYNE,Detroit City 167 Ward 5,1,567,2012
Wayne,WAYNE,Detroit City 205,3,566,2014|2016|2018
Wayne,WAYNE,Detroit City 37 Ward 15,2,566,2008|2010
Kent,KENT,Grand Rapids City 28 Ward 1,1,565,2008
Macomb,MACOMB,Warren City 69,1,565,2008
Macomb,MACOMB,Warren City 106,1,564,2008
Wayne,WAYNE,Detroit City 14 Ward 25,2,563,2008|2010
Wayne,WAYNE,Detroit City 3 Ward 26,2,563,2008|2010
Barry,BARRY,Castleton Township 1B,1,563,2008
Ionia,IONIA,Ionia City 1 Ward 4,1,563,2012
Wayne,WAYNE,Detroit City 141 Ward 5,1,563,2012
Wayne,WAYNE,Detroit City 264 Ward 1,1,563,2012
Eaton,EATON,Lansing City 1E Ward 3,1,562,2008
Wayne,WAYNE,Detroit City 133 Ward 5,1,562,2012
Wayne,WAYNE,Northville Township 16,1,561,2014
Wayne,WAYNE,Detroit City 467,3,559,2014|2016|2018
Wayne,WAYNE,Detroit City 58,3,559,2014|2016|2018
Wayne,WAYNE,Detroit City 11 Ward 7,2,559,2008|2010
Macomb,MACOMB,Warren City 73,1,559,2008
Wayne,WAYNE,Detroit City 305 Ward 1,1,559,2012
Wayne,WAYNE,Detroit City 223 Ward 2,1,558,2012
Wayne,WAYNE,Detroit City 27 Ward 4,1,558,2012
Macomb,MACOMB,Warren City 64,1,557,2008
Wayne,WAYNE,Detroit City 39 Ward 4,1,557,2012
Macomb,MACOMB,Warren City 80,1,556,2008
Wayne,WAYNE,Detroit City 316 Ward 1,1,556,2012
Wayne,WAYNE,Detroit City 15 Ward 10,2,555,2008|2010
Wayne,WAYNE,Detroit City 428 Ward 7,1,554,2012
Wayne,WAYNE,Detroit City 336 Ward 7,1,553,2012
Wayne,WAYNE,Detroit City 161 Ward 5,1,552,2012
Wayne,WAYNE,Detroit City 186,3,551,2014|2016|2018
Wayne,WAYNE,Detroit City 22 Ward 19,2,551,2008|2010
Wayne,WAYNE,Detroit City 39 Ward 19,2,551,2008|2010
Wayne,WAYNE,Detroit City 45 Ward 19,2,551,2008|2010
Wayne,WAYNE,Detroit City 156 Ward 5,1,551,2012
Macomb,MACOMB,Warren City 72A,1,550,2008
Wayne,WAYNE,Detroit City 237 Ward 2,1,549,2012
Wayne,WAYNE,Detroit City 297 Ward 1,1,549,2012
Wayne,WAYNE,Detroit City 23 Ward 8,2,548,2008|2010
Wayne,WAYNE,Detroit City 286 Ward 1,1,548,2012
Wayne,WAYNE,Detroit City 292 Ward 2,1,548,2012
Wayne,WAYNE,Detroit City 16 Ward 26,2,546,2008|2010
Kent,KENT,Grand Rapids City 10 Ward 3,1,546,2008
Macomb,MACOMB,Warren City 60,1,546,2008
Wayne,WAYNE,Detroit City 177 Ward 3,1,546,2012
Wayne,WAYNE,Detroit City 71 Ward 3,1,546,2012
Wayne,WAYNE,Detroit City 54 Ward 15,2,545,2008|2010
Wayne,WAYNE,Detroit City 215 Ward 2,1,545,2012
Wayne,WAYNE,Detroit City 44 Ward 4,1,545,2012
Wayne,WAYNE,Detroit City 74 Ward 3,1,545,2012
Wayne,WAYNE,Detroit City 45 Ward 21,2,544,2008|2010
Wayne,WAYNE,Detroit City 13 Ward 21,2,543,2008|2010
Wayne,WAYNE,Detroit City 231 Ward 2,1,543,2012
Wayne,WAYNE,Detroit City 26 Ward 7,2,541,2008|2010
Macomb,MACOMB,Warren City 103,1,541,2008
Wayne,WAYNE,Detroit City 398 Ward 7,1,541,2012
Wayne,WAYNE,Ecorse City 11,2,540,2008|2010
Wayne,WAYNE,Detroit City 24 Ward 17,2,539,2008|2010
Wayne,WAYNE,Detroit City 29 Ward 14,2,539,2008|2010
Wayne,WAYNE,Detroit City 3 Ward 5,1,539,2012
Wayne,WAYNE,Detroit City 53 Ward 4,1,539,2012
Wayne,WAYNE,Detroit City 451,3,538,2014|2016|2018
Wayne,WAYNE,Detroit City 22 Ward 12,2,538,2008|2010
Wayne,WAYNE,Plymouth Township 13,1,538,2008
Wayne,WAYNE,Detroit City 14 Ward 16,2,537,2008|2010
Wayne,WAYNE,Detroit City 86 Ward 3,1,537,2012
Wayne,WAYNE,Detroit City 44 Ward 15,2,536,2008|2010
Wayne,WAYNE,Detroit City 422 Ward 6,1,536,2012
Wayne,WAYNE,Detroit City 88 Ward 3,1,536,2012
Wayne,WAYNE,Detroit City 300 Ward 1,1,535,2012
Wayne,WAYNE,Detroit City 55 Ward 4,1,534,2012
Wayne,WAYNE,Detroit City 322,3,533,2014|2016|2018
Wayne,WAYNE,Detroit City 5 Ward 22,2,533,2008|2010
Macomb,MACOMB,Warren City 63,1,530,2008
Wayne,WAYNE,Detroit City 160 Ward 5,1,530,2012
Wayne,WAYNE,Detroit City 363 Ward 7,1,529,2012
Gladwin,GLADWIN,Gladwin Township 2,2,528,2008|2010
Wayne,WAYNE,Detroit City 8 Ward 26,2,528,2008|2010
Wayne,WAYNE,Detroit City 151 Ward 6,1,528,2012
Wayne,WAYNE,Detroit City 375 Ward 7,1,528,2012
Wayne,WAYNE,Detroit City 47 Ward 23,2,527,2008|2010
Macomb,MACOMB,Warren City 62,1,527,2008
Macomb,MACOMB,Warren City 97,1,526,2008
Wayne,WAYNE,Detroit City 242 Ward 2,1,526,2012
Wayne,WAYNE,Detroit City 11 Ward 10,2,525,2008|2010
Wayne,WAYNE,Detroit City 7 Ward 15,2,524,2008|2010
Wayne,WAYNE,Detroit City 288 Ward 2,1,524,2012
Wayne,WAYNE,Detroit City 38 Ward 7,2,523,2008|2010
Wayne,WAYNE,Detroit City 354 Ward 1,1,523,2012
Wayne,WAYNE,Detroit City 405 Ward 7,1,523,2012
Wayne,WAYNE,Detroit City 24,3,522,2014|2016|2018
Wayne,WAYNE,Detroit City 28 Ward 17,2,522,2008|2010
Wayne,WAYNE,Detroit City 3 Ward 22,2,522,2008|2010
Wayne,WAYNE,Detroit City 338 Ward 7,1,522,2012
Wayne,WAYNE,Detroit City 157 Ward 6,1,520,2012
Wayne,WAYNE,Detroit City 164 Ward 5,1,520,2012
Wayne,WAYNE,Detroit City 113,3,519,2014|2016|2018
Wayne,WAYNE,Detroit City 34 Ward 6,2,519,2008|2010
Wayne,WAYNE,Detroit City 132 Ward 5,1,519,2012
Wayne,WAYNE,Detroit City 360 Ward 1,1,519,2012
Wayne,WAYNE,Detroit City 13 Ward 17,2,518,2008|2010
Wayne,WAYNE,Detroit City 25 Ward 14,2,518,2008|2010
Berrien,BERRIEN,St. Joseph City 5,1,518,2008
Wayne,WAYNE,Detroit City 294 Ward 2,1,518,2012
Wayne,WAYNE,Detroit City 11 Ward 13,2,517,2008|2010
Wayne,WAYNE,Detroit City 31 Ward 6,2,517,2008|2010
Wayne,WAYNE,Detroit City 45 Ward 22,2,517,2008|2010
Wayne,WAYNE,Detroit City 399 Ward 7,1,517,2012
Wayne,WAYNE,Detroit City 60 Ward 4,1,517,2012
Wayne,WAYNE,Detroit City 69 Ward 3,1,517,2012
Ontonagon,ONTONAGON,Greenland Township 2,2,516,2008|2010
Wayne,WAYNE,Detroit City 42 Ward 3,2,516,2008|2010
Wayne,WAYNE,Detroit City 284 Ward 1,1,516,2012
Wayne,WAYNE,Detroit City 468,3,515,2014|2016|2018
Wayne,WAYNE,Detroit City 3 Ward 20,2,515,2008|2010
Kent,KENT,Kentwood City 17 Ward 2,1,515,2008
Wayne,WAYNE,Detroit City 30 Ward 14,2,514,2008|2010
Wayne,WAYNE,Detroit City 39 Ward 21,2,514,2008|2010
Wayne,WAYNE,Detroit City 117,3,513,2014|2016|2018
Wayne,WAYNE,Detroit City 19 Ward 14,2,511,2008|2010
Gratiot,GRATIOT,Lafayette Township 1A,2,509,2008|2010
Wayne,WAYNE,Detroit City 29 Ward 17,2,509,2008|2010
Wayne,WAYNE,Detroit City 47 Ward 13,2,509,2008|2010
Wayne,WAYNE,Detroit City 193 Ward 3,1,509,2012
Wayne,WAYNE,Detroit City 196 Ward 3,1,509,2012
Wayne,WAYNE,Detroit City 49 Ward 4,1,509,2012
Wayne,WAYNE,Detroit City 191 Ward 3,1,507,2012
Wayne,WAYNE,Detroit City 38 Ward 17,2,506,2008|2010
Wayne,WAYNE,Detroit City 244 Ward 2,1,506,2012
Wayne,WAYNE,Detroit City 380 Ward 2,1,506,2012
Wayne,WAYNE,Detroit City 42 Ward 19,2,505,2008|2010
Macomb,MACOMB,Warren City 101,1,505,2008
Wayne,WAYNE,Detroit City 285 Ward 1,1,505,2012
Wayne,WAYNE,Detroit City 408 Ward 7,1,504,2012
Wayne,WAYNE,Detroit City 72 Ward 3,1,504,2012
Wayne,WAYNE,Detroit City 17 Ward 21,2,503,2008|2010
Wayne,WAYNE,Detroit City 221 Ward 2,1,503,2012
Wayne,WAYNE,Detroit City 406 Ward 7,1,502,2012
Wayne,WAYNE,Detroit City 15 Ward 24,2,501,2008|2010
Macomb,MACOMB,Warren City 78,1,501,2008
Mason,MASON,Ludington City 5 Ward 1,1,501,2010
Wayne,WAYNE,Detroit City 282 Ward 1,1,501,2012
Wayne,WAYNE,Detroit City 469,3,500,2014|2016|2018
Wayne,WAYNE,Detroit City 23 Ward 10,2,500,2008|2010
Wayne,WAYNE,Detroit City 212 Ward 2,1,500,2012
Wayne,WAYNE,Detroit City 166 Ward 5,1,498,2012
Wayne,WAYNE,Detroit City 339 Ward 7,1,497,2012
Wayne,WAYNE,Detroit City 374 Ward 7,1,497,2012
Wayne,WAYNE,Detroit City 28 Ward 14,2,496,2008|2010
Wayne,WAYNE,Detroit City 409 Ward 7,1,496,2012
Wayne,WAYNE,Detroit City 14 Ward 21,2,495,2008|2010
Wayne,WAYNE,Detroit City 6 Ward 18,2,495,2008|2010
Wayne,WAYNE,Detroit City 291 Ward 2,1,493,2012
Wayne,WAYNE,Detroit City 321 Ward 1,1,493,2012
Wayne,WAYNE,Detroit City 386 Ward 2,1,493,2012
Wayne,WAYNE,Detroit City 16 Ward 18,2,492,2008|2010
Wayne,WAYNE,Ecorse City 10,2,492,2008|2010
Kent,KENT,Grand Rapids City 32 Ward 1,1,492,2008
Wayne,WAYNE,Detroit City 19 Ward 4,1,492,2012
Wayne,WAYNE,Detroit City 335 Ward 7,1,492,2012
Wayne,WAYNE,Detroit City 425 Ward 6,1,490,2012
Mason,MASON,Ludington City 2 Ward 1,1,489,2010
Wayne,WAYNE,Detroit City 10 Ward 4,1,489,2012
Wayne,WAYNE,Detroit City 131 Ward 5,1,489,2012
Wayne,WAYNE,Detroit City 249 Ward 2,1,489,2012
Macomb,MACOMB,Warren City 99A,1,488,2008
Wayne,WAYNE,Detroit City 192 Ward 3,1,488,2012
Wayne,WAYNE,Detroit City 29 Ward 24,2,487,2008|2010
Wayne,WAYNE,Detroit City 436 Ward 5,1,487,2012
Wayne,WAYNE,Detroit City 220 Ward 5,1,486,2012
Wayne,WAYNE,Detroit City 25 Ward 4,1,485,2012
Wayne,WAYNE,Detroit City 424 Ward 6,1,485,2012
Wayne,WAYNE,Romulus City 13,3,484,2008|2010|2012
Wayne,WAYNE,Detroit City 24 Ward 9,2,484,2008|2010
Wayne,WAYNE,Detroit City 30 Ward 11,2,484,2008|2010
Wayne,WAYNE,Detroit City 412,3,483,2014|2016|2018
Ionia,IONIA,Ionia City 1 Ward 2,1,483,2012
Wayne,WAYNE,Detroit City 144 Ward 6,1,483,2012
Wayne,WAYNE,Detroit City 143 Ward 6,1,482,2012
Wayne,WAYNE,Detroit City 163 Ward 5,1,481,2012
Wayne,WAYNE,Detroit City 393 Ward 7,1,481,2012
Wayne,WAYNE,Detroit City 397 Ward 7,1,480,2012
Wayne,WAYNE,Detroit City 371 Ward 7,1,478,2012
Wayne,WAYNE,Detroit City 17 Ward 20,2,477,2008|2010
Wayne,WAYNE,Detroit City 368 Ward 7,1,477,2012
Wayne,WAYNE,Detroit City 126 Ward 5,1,476,2012
Wayne,WAYNE,Detroit City 432 Ward 5,1,476,2012
Wayne,WAYNE,Detroit City 229 Ward 2,1,475,2012
Wayne,WAYNE,Detroit City 372,3,474,2014|2016|2018
Wayne,WAYNE,Detroit City 270,3,473,2014|2016|2018
Wayne,WAYNE,Detroit City 36 Ward 13,2,473,2008|2010
Wayne,WAYNE,Detroit City 52 Ward 20,2,473,2008|2010
Wayne,WAYNE,Detroit City 359 Ward 1,1,473,2012
Wayne,WAYNE,Detroit City 18 Ward 16,2,472,2008|2010
Wayne,WAYNE,Detroit City 36 Ward 8,2,472,2008|2010
Wayne,WAYNE,Detroit City 280 Ward 1,1,472,2012
Wayne,WAYNE,Detroit City 396 Ward 7,1,472,2012
Wayne,WAYNE,Detroit City 65 Ward 3,1,472,2012
Allegan,ALLEGAN,Hopkins Township 1B,2,471,2008|2010
Wayne,WAYNE,Detroit City 14 Ward 8,2,471,2008|2010
Wayne,WAYNE,Detroit City 346 Ward 7,1,471,2012
Wayne,WAYNE,Detroit City 108 Ward 3,1,470,2012
Wayne,WAYNE,Detroit City 391,3,469,2014|2016|2018
Wayne,WAYNE,Detroit City 39 Ward 5,2,468,2008|2010
Wayne,WAYNE,Detroit City 449 Ward 5,1,468,2012
Wayne,WAYNE,Detroit City 259 Ward 2,1,467,2012
Wayne,WAYNE,Detroit City 328 Ward 1,1,467,2012
Macomb,MACOMB,Warren City 102,1,466,2008
Wayne,WAYNE,Detroit City 26 Ward 9,2,465,2008|2010
Wayne,WAYNE,Detroit City 381 Ward 2,1,465,2012
Wayne,WAYNE,Detroit City 79 Ward 3,1,465,2012
Wayne,WAYNE,Detroit City 18 Ward 19,2,463,2008|2010
Wayne,WAYNE,Detroit City 2 Ward 15,2,463,2008|2010
Wayne,WAYNE,Detroit City 37 Ward 18,2,463,2008|2010
Wayne,WAYNE,Detroit City 392 Ward 2,1,463,2012
Wayne,WAYNE,Detroit City 427 Ward 7,1,463,2012
Wayne,WAYNE,Detroit City 32 Ward 6,2,462,2008|2010
Wayne,WAYNE,Detroit City 43 Ward 8,2,462,2008|2010
Wayne,WAYNE,Detroit City 307 Ward 1,1,462,2012
Wayne,WAYNE,Detroit City 35 Ward 14,2,460,2008|2010
Macomb,MACOMB,Warren City 66,1,460,2008
Wayne,WAYNE,Detroit City 214 Ward 2,1,458,2012
Wayne,WAYNE,Detroit City 394 Ward 7,1,458,2012
Wayne,WAYNE,Detroit City 415 Ward 7,1,458,2012
Wayne,WAYNE,Detroit City 4 Ward 12,2,457,2008|2010
Wayne,WAYNE,Detroit City 395 Ward 7,1,457,2012
Wayne,WAYNE,Detroit City 51 Ward 4,1,457,2012
Wayne,WAYNE,Detroit City 95 Ward 3,1,457,2012
Wayne,WAYNE,Detroit City 35 Ward 19,2,456,2008|2010
Macomb,MACOMB,Warren City 71,1,456,2008
Wayne,WAYNE,Detroit City 15 Ward 4,1,455,2012
Wayne,WAYNE,Detroit City 178 Ward 3,1,455,2012
Wayne,WAYNE,Detroit City 26 Ward 4,1,455,2012
Wayne,WAYNE,Detroit City 358 Ward 1,1,455,2012
Wayne,WAYNE,Detroit City 387 Ward 2,1,455,2012
Macomb,MACOMB,Warren City 96,1,454,2008
Ogemaw,OGEMAW,Richland Township 2B,1,454,2008
Wayne,WAYNE,Detroit City 227 Ward 2,1,454,2012
Kent,KENT,Grand Rapids City 2 Ward 2,1,453,2008
Wayne,WAYNE,Detroit City 37 Ward 7,2,452,2008|2010
Wayne,WAYNE,Detroit City 373 Ward 7,1,452,2012
Wayne,WAYNE,Detroit City 402 Ward 7,1,451,2012
Wayne,WAYNE,Detroit City 481 Ward 6,1,451,2012
Wayne,WAYNE,Detroit City 2 Ward 5,1,449,2012
Wayne,WAYNE,Detroit City 304 Ward 1,1,449,2012
Wayne,WAYNE,Detroit City 331 Ward 7,1,449,2012
Wayne,WAYNE,Detroit City 423 Ward 6,1,449,2012
Wayne,WAYNE,Detroit City 434 Ward 5,1,449,2012
Wayne,WAYNE,Detroit City 38 Ward 14,2,448,2008|2010
Wayne,WAYNE,Detroit City 388,3,447,2014|2016|2018
Wayne,WAYNE,Detroit City 47 Ward 22,2,447,2008|2010
Eaton,EATON,Grand Ledge City 3 Ward 3,1,447,2010
Eaton,EATON,Grand Ledge City 4 Ward 3,1,446,2010
Wayne,WAYNE,Detroit City 121 Ward 5,1,446,2012
Wayne,WAYNE,Detroit City 201 Ward 2,1,446,2012
Kent,KENT,Grand Rapids City 29 Ward 1,2,445,2008|2010
Wayne,WAYNE,Detroit City 370 Ward 7,1,445,2012
Wayne,WAYNE,Detroit City 52 Ward 4,1,445,2012
Mason,MASON,Ludington City 3 Ward 1,1,443,2010
Wayne,WAYNE,Detroit City 118 Ward 5,1,443,2012
Wayne,WAYNE,Detroit City 172 Ward 3,1,443,2012
Wayne,WAYNE,Detroit City 480 Ward 6,1,443,2012
Wayne,WAYNE,Detroit City 43 Ward 18,2,442,2008|2010
Wayne,WAYNE,Detroit City 16 Ward 9,2,439,2008|2010
Wayne,WAYNE,Detroit City 23 Ward 11,2,439,2008|2010
Wayne,WAYNE,Detroit City 33 Ward 16,2,439,2008|2010
Wayne,WAYNE,Detroit City 73 Ward 3,1,437,2012
Wayne,WAYNE,Detroit City 171,3,436,2014|2016|2018
Macomb,MACOMB,Warren City 100,1,436,2008
Wayne,WAYNE,Detroit City 7 Ward 24,2,435,2008|2010
Wayne,WAYNE,Detroit City 110 Ward 4,1,435,2012
Wayne,WAYNE,Detroit City 16 Ward 4,1,435,2012
Wayne,WAYNE,Detroit City 260 Ward 2,1,435,2012
Wayne,WAYNE,Detroit City 325 Ward 1,1,435,2012
Wayne,WAYNE,Detroit City 188 Ward 3,1,434,2012
Wayne,WAYNE,Detroit City 240 Ward 2,1,433,2012
Wayne,WAYNE,Detroit City 190 Ward 3,1,432,2012
Wayne,WAYNE,Detroit City 230 Ward 2,1,432,2012
Wayne,WAYNE,Detroit City 389 Ward 2,1,432,2012
Wayne,WAYNE,Detroit City 470 Ward 6,1,432,2012
Wayne,WAYNE,Detroit City 54,3,430,2014|2016|2018
Wayne,WAYNE,Detroit City 5 Ward 10,2,430,2008|2010
Wayne,WAYNE,Detroit City 203 Ward 2,1,430,2012
Wayne,WAYNE,Detroit City 71 Ward 21,2,429,2008|2010
Wayne,WAYNE,Detroit City 24 Ward 13,2,428,2008|2010
Wayne,WAYNE,Detroit City 24 Ward 20,2,427,2008|2010
Macomb,MACOMB,Warren City 72,1,427,2008
Wayne,WAYNE,Detroit City 159 Ward 5,1,427,2012
Wayne,WAYNE,Detroit City 337 Ward 7,1,427,2012
Wayne,WAYNE,Detroit City 378 Ward 1,1,426,2012
Wayne,WAYNE,Detroit City 42 Ward 12,2,425,2008|2010
Wayne,WAYNE,Detroit City 111 Ward 4,1,425,2012
Wayne,WAYNE,Detroit City 477 Ward 6,1,425,2012
Wayne,WAYNE,Detroit City 31 Ward 24,2,424,2008|2010
Wayne,WAYNE,Detroit City 333 Ward 7,1,424,2012
Wayne,WAYNE,Detroit City 61 Ward 3,1,424,2012
Wayne,WAYNE,Detroit City 202 Ward 2,1,423,2012
Wayne,WAYNE,Detroit City 460 Ward 6,1,423,2012
Wayne,WAYNE,Detroit City 128 Ward 5,1,422,2012
Wayne,WAYNE,Inkster City 5 Ward 3,3,420,2008|2010|2012
Wayne,WAYNE,Detroit City 400 Ward 7,1,420,2012
Wayne,WAYNE,Detroit City 120 Ward 5,1,419,2012
Wayne,WAYNE,Detroit City 461 Ward 6,1,418,2012
Genesee,GENESEE,Flint City 33 Ward 5,4,417,2012|2014|2016|2018
Wayne,WAYNE,Detroit City 8 Ward 22,2,417,2008|2010
Wayne,WAYNE,Detroit City 310 Ward 1,1,416,2012
Wayne,WAYNE,Detroit City 28 Ward 22,2,414,2008|2010
Wayne,WAYNE,Detroit City 403 Ward 2,1,414,2012
Wayne,WAYNE,Detroit City 41 Ward 4,1,414,2012
Wayne,WAYNE,Detroit City 187 Ward 3,1,413,2012
Wayne,WAYNE,Detroit City 246 Ward 2,1,413,2012
Wayne,WAYNE,Detroit City 296 Ward 2,1,413,2012
Wayne,WAYNE,Detroit City 367 Ward 7,1,413,2012
Macomb,MACOMB,Warren City 81,1,412,2008
Wayne,WAYNE,Detroit City 64 Ward 3,1,412,2012
Wayne,WAYNE,Detroit City 155,3,411,2014|2016|2018
Wayne,WAYNE,Detroit City 11 Ward 23,2,411,2008|2010
Wayne,WAYNE,Detroit City 4 Ward 6,2,411,2008|2010
Macomb,MACOMB,Warren City 88,1,411,2008
Wayne,WAYNE,Detroit City 135 Ward 5,1,410,2012
Wayne,WAYNE,Detroit City 329 Ward 1,1,410,2012
Wayne,WAYNE,Detroit City 431 Ward 7,1,410,2012
Wayne,WAYNE,Detroit City 22 Ward 20,2,409,2008|2010
Genesee,GENESEE,Flint City 38 Ward 5,4,408,2012|2014|2016|2018
Wayne,WAYNE,Detroit City 278 Ward 1,1,408,2012
Wayne,WAYNE,Detroit City 56 Ward 4,1,408,2012
Wayne,WAYNE,Detroit City 262 Ward 1,1,407,2012
Wayne,WAYNE,Detroit City 419 Ward 6,1,407,2012
Wayne,WAYNE,Detroit City 12 Ward 12,2,406,2008|2010
Wayne,WAYNE,Detroit City 253 Ward 1,1,406,2012
Wayne,WAYNE,Detroit City 289 Ward 2,1,406,2012
Wayne,WAYNE,Detroit City 429 Ward 7,1,406,2012
Wayne,WAYNE,Trenton City 8,2,405,2008|2010
Wayne,WAYNE,Detroit City 401 Ward 7,1,405,2012
Wayne,WAYNE,Detroit City 85 Ward 3,1,405,2012
Wayne,WAYNE,Detroit City 112 Ward 4,1,404,2012
Wayne,WAYNE,Detroit City 176 Ward 3,1,403,2012
Wayne,WAYNE,Detroit City 234 Ward 2,1,403,2012
Wayne,WAYNE,Detroit City 348 Ward 7,1,403,2012
Wayne,WAYNE,Detroit City 5 Ward 23,2,402,2008|2010
Wayne,WAYNE,Detroit City 9 Ward 11,2,402,2008|2010
Wayne,WAYNE,Detroit City 59 Ward 4,1,402,2012
Wayne,WAYNE,Detroit City 39 Ward 14,2,401,2008|2010
Wayne,WAYNE,Detroit City 9 Ward 15,2,401,2008|2010
Wayne,WAYNE,Detroit City 204 Ward 2,1,401,2012
Wayne,WAYNE,Detroit City 473 Ward 6,1,401,2012
St. Clair,ST. CLAIR,Clay Township 2,4,398,2008|2010|2012|2014
Wayne,WAYNE,Detroit City 174 Ward 3,1,397,2012
Wayne,WAYNE,Detroit City 181,3,395,2014|2016|2018
Wayne,WAYNE,Detroit City 252 Ward 1,1,395,2012
Wayne,WAYNE,Detroit City 209 Ward 2,1,394,2012
Wayne,WAYNE,Detroit City 318 Ward 1,1,393,2012
Wayne,WAYNE,Detroit City 38 Ward 12,2,392,2008|2010
Wayne,WAYNE,Detroit City 29 Ward 4,1,392,2012
Wayne,WAYNE,Detroit City 327 Ward 1,1,392,2012
Wayne,WAYNE,Detroit City 41 Ward 8,2,391,2008|2010
Wayne,WAYNE,Detroit City 2 Ward 14,2,390,2008|2010
Wayne,WAYNE,Detroit City 319 Ward 1,1,390,2012
Wayne,WAYNE,Detroit City 91 Ward 3,1,390,2012
Ogemaw,OGEMAW,Rose City 1 Ward 3,4,389,2008|2010|2012|2014
Wayne,WAYNE,Detroit City 241 Ward 2,1,389,2012
Wayne,WAYNE,Detroit City 290 Ward 2,1,389,2012
Wayne,WAYNE,Detroit City 20 Ward 23,2,388,2008|2010
Wayne,WAYNE,Detroit City 226 Ward 2,1,388,2012
Wayne,WAYNE,Detroit City 302 Ward 1,1,388,2012
Wayne,WAYNE,Detroit City 320 Ward 1,1,388,2012
Wayne,WAYNE,Detroit City 457 Ward 6,1,388,2012
Wayne,WAYNE,Detroit City 24 Ward 21,2,387,2008|2010
Wayne,WAYNE,Detroit City 137 Ward 5,1,387,2012
Jackson,JACKSON,Leoni Township 5,2,386,2008|2010
Wayne,WAYNE,Detroit City 334 Ward 7,1,385,2012
Wayne,WAYNE,Detroit City 194 Ward 3,1,384,2012
Wayne,WAYNE,Detroit City 377 Ward 7,1,384,2012
Ogemaw,OGEMAW,Churchill Township 2,1,383,2008
Wayne,WAYNE,Detroit City 189 Ward 3,1,383,2012
Wayne,WAYNE,Plymouth Township 16,1,383,2008
Wayne,WAYNE,Detroit City 48 Ward 15,2,382,2008|2010
Wayne,WAYNE,Detroit City 275 Ward 1,1,382,2012
Wayne,WAYNE,Detroit City 366 Ward 7,1,382,2012
Wayne,WAYNE,Detroit City 446 Ward 5,1,382,2012
Wayne,WAYNE,Detroit City 256 Ward 2,1,381,2012
Wayne,WAYNE,Detroit City 437 Ward 5,1,380,2012
Wayne,WAYNE,Detroit City 3 Ward 3,2,379,2008|2010
Wayne,WAYNE,Detroit City 5 Ward 4,1,379,2012
Wayne,WAYNE,Detroit City 114 Ward 4,1,378,2012
Wayne,WAYNE,Detroit City 76,3,377,2014|2016|2018
Wayne,WAYNE,Detroit City 186 Ward 3,1,377,2012
Wayne,WAYNE,Detroit City 238 Ward 2,1,377,2012
Wayne,WAYNE,Detroit City 2 Ward 20,2,376,2008|2010
Wayne,WAYNE,Detroit City 444 Ward 5,1,376,2012
Wayne,WAYNE,Detroit City 70 Ward 3,1,376,2012
Wayne,WAYNE,Detroit City 92 Ward 3,1,376,2012
Wayne,WAYNE,Detroit City 1 Ward 9,2,375,2008|2010
Wayne,WAYNE,Detroit City 31 Ward 25,2,375,2008|2010
Wayne,WAYNE,Detroit City 130 Ward 5,1,374,2012
Wayne,WAYNE,Detroit City 407 Ward 7,1,374,2012
Wayne,WAYNE,Detroit City 433 Ward 5,1,374,2012
Wayne,WAYNE,Detroit City 35 Ward 25,2,373,2008|2010
Wayne,WAYNE,Detroit City 376 Ward 7,1,373,2012
Macomb,MACOMB,Harrison Township 12,1,372,2008
Wayne,WAYNE,Detroit City 213 Ward 2,1,372,2012
Wayne,WAYNE,Detroit City 332 Ward 7,1,372,2012
Wayne,WAYNE,Detroit City 119 Ward 5,1,371,2012
Wayne,WAYNE,Detroit City 93 Ward 3,1,371,2012
Wayne,WAYNE,Detroit City 57 Ward 4,1,370,2012
Wayne,WAYNE,Detroit City 103 Ward 4,1,369,2012
Wayne,WAYNE,Detroit City 239 Ward 2,1,369,2012
Wayne,WAYNE,Detroit City 48 Ward 20,2,367,2008|2010
Wayne,WAYNE,Detroit City 94 Ward 3,1,366,2012
Wayne,WAYNE,Detroit City 274 Ward 1,1,364,2012
Wayne,WAYNE,Detroit City 404 Ward 7,1,364,2012
Wayne,WAYNE,Detroit City 365 Ward 7,1,363,2012
Wayne,WAYNE,Detroit City 170 Ward 5,1,362,2012
Wayne,WAYNE,Detroit City 283 Ward 1,1,362,2012
Genesee,GENESEE,Flint City 35 Ward 5,4,360,2012|2014|2016|2018
Wayne,WAYNE,Detroit City 439 Ward 5,1,360,2012
Wayne,WAYNE,Detroit City 96 Ward 3,1,360,2012
Wayne,WAYNE,Detroit City 168 Ward 5,1,359,2012
Wayne,WAYNE,Detroit City 261 Ward 1,1,359,2012
Wayne,WAYNE,Detroit City 295 Ward 2,1,359,2012
Wayne,WAYNE,Detroit City 476 Ward 6,1,359,2012
Wayne,WAYNE,Detroit City 4 Ward 22,2,358,2008|2010
Macomb,MACOMB,Warren City 98,1,357,2008
Wayne,WAYNE,Detroit City 277 Ward 1,1,356,2012
Wayne,WAYNE,Detroit City 301 Ward 1,1,356,2012
Wayne,WAYNE,Detroit City 498,1,354,2018
Macomb,MACOMB,Warren City 92,1,353,2008
Wayne,WAYNE,Detroit City 314 Ward 2,1,353,2012
Wayne,WAYNE,Detroit City 58 Ward 4,1,353,2012
Wayne,WAYNE,Detroit City 14 Ward 4,1,352,2012
Wayne,WAYNE,Detroit City 146 Ward 6,1,351,2012
Wayne,WAYNE,Detroit City 251 Ward 1,1,351,2012
Wayne,WAYNE,Detroit City 27 Ward 22,2,350,2008|2010
Wayne,WAYNE,Detroit City 385 Ward 2,1,350,2012
Wayne,WAYNE,Detroit City 475 Ward 6,1,350,2012
Mason,MASON,Ludington City 6 Ward 1,1,348,2010
Wayne,WAYNE,Detroit City 453 Ward 6,1,348,2012
Wayne,WAYNE,Detroit City 27 Ward 23,2,347,2008|2010
Wayne,WAYNE,Detroit City 183 Ward 3,1,346,2012
Wayne,WAYNE,Detroit City 34 Ward 24,2,345,2008|2010
Wayne,WAYNE,Detroit City 142 Ward 5,1,345,2012
Wayne,WAYNE,Detroit City 447 Ward 5,1,345,2012
Wayne,WAYNE,Detroit City 8 Ward 17,2,343,2008|2010
Wayne,WAYNE,Detroit City 81 Ward 5,2,343,2008|2010
Wayne,WAYNE,Detroit City 317 Ward 1,1,343,2012
Wayne,WAYNE,Detroit City 67 Ward 3,1,343,2012
Arenac,ARENAC,Deep River Township 2,1,342,2008
Wayne,WAYNE,Detroit City 200 Ward 2,1,342,2012
Wayne,WAYNE,Detroit City 445 Ward 5,1,342,2012
Wayne,WAYNE,Detroit City 98 Ward 5,1,341,2012
Wayne,WAYNE,Detroit City 293 Ward 2,1,340,2012
Wayne,WAYNE,Detroit City 309 Ward 1,1,340,2012
Wayne,WAYNE,Detroit City 474 Ward 6,1,340,2012
Wayne,WAYNE,Detroit City 486,3,339,2014|2016|2018
Wayne,WAYNE,Detroit City 228 Ward 2,1,337,2012
Wayne,WAYNE,Detroit City 129 Ward 5,1,336,2012
Wayne,WAYNE,Detroit City 326 Ward 1,1,336,2012
Wayne,WAYNE,Detroit City 472 Ward 6,1,336,2012
Wayne,WAYNE,Detroit City 50 Ward 4,1,336,2012
Wayne,WAYNE,Detroit City 489,3,335,2014|2016|2018
Gladwin,GLADWIN,Gladwin City 4 Ward 1,2,333,2016|2018
Wayne,WAYNE,Detroit City 420 Ward 6,1,333,2012
Crawford,CRAWFORD,Grayling Township 2,2,332,2008|2010
Wayne,WAYNE,Detroit City 30 Ward 4,1,332,2012
Ogemaw,OGEMAW,Richland Township 1A,2,331,2008|2010
Wayne,WAYNE,Detroit City 219 Ward 2,1,331,2012
Wayne,WAYNE,Detroit City 13 Ward 7,2,330,2008|2010
Wayne,WAYNE,Detroit City 116 Ward 5,1,330,2012
Wayne,WAYNE,Detroit City 149 Ward 6,1,330,2012
Wayne,WAYNE,Detroit City 416 Ward 6,1,329,2012
Wayne,WAYNE,Detroit City 357 Ward 1,1,328,2012
Ogemaw,OGEMAW,Edwards Township 2,2,327,2008|2010
Wayne,WAYNE,Detroit City 9 Ward 12,2,327,2008|2010
Wayne,WAYNE,Detroit City 313 Ward 2,1,327,2012
Wayne,WAYNE,Detroit City 102 Ward 3,1,326,2012
Wayne,WAYNE,Detroit City 438 Ward 5,1,326,2012
Wayne,WAYNE,Detroit City 452 Ward 5,1,326,2012
Wayne,WAYNE,Detroit City 468 Ward 6,1,326,2012
Wayne,WAYNE,Detroit City 20 Ward 13,2,325,2008|2010
Wayne,WAYNE,Detroit City 42 Ward 21,2,324,2008|2010
Wayne,WAYNE,Detroit City 139 Ward 5,1,324,2012
Wayne,WAYNE,Detroit City 243 Ward 2,1,323,2012
Wayne,WAYNE,Detroit City 26 Ward 23,2,321,2008|2010
Wayne,WAYNE,Detroit City 43 Ward 12,2,321,2008|2010
Wayne,WAYNE,Detroit City 104,3,320,2014|2016|2018
Wayne,WAYNE,Detroit City 33 Ward 25,2,320,2008|2010
Macomb,MACOMB,Warren City 99,1,320,2008
Wayne,WAYNE,Detroit City 113 Ward 4,1,319,2012
Wayne,WAYNE,Detroit City 382 Ward 2,1,317,2012
Wayne,WAYNE,Detroit City 18 Ward 13,2,316,2008|2010
Wayne,WAYNE,Detroit City 26 Ward 5,2,316,2008|2010
Mason,MASON,Ludington City 4 Ward 1,1,316,2010
Wayne,WAYNE,Detroit City 421 Ward 6,1,316,2012
Wayne,WAYNE,Detroit City 430 Ward 7,1,315,2012
Eaton,EATON,Lansing City 022A Ward 3,1,314,2014
Kent,KENT,Grand Rapids City 30 Ward 1,1,314,2008
Wayne,WAYNE,Detroit City 469 Ward 6,1,314,2012
Wayne,WAYNE,Detroit City 499,1,313,2018
Wayne,WAYNE,Detroit City 205 Ward 2,1,312,2012
Wayne,WAYNE,Detroit City 218 Ward 5,1,312,2012
Wayne,WAYNE,Detroit City 456,3,311,2014|2016|2018
Wayne,WAYNE,Detroit City 19 Ward 26,2,311,2008|2010
Wayne,WAYNE,Detroit City 417 Ward 6,1,311,2012
Wayne,WAYNE,Detroit City 448 Ward 5,1,311,2012
Wayne,WAYNE,Detroit City 488 Ward 6,1,311,2012
Presque Isle,PRESQUE ISLE,Rogers City 3,2,310,2008|2010
Muskegon,MUSKEGON,Muskegon City 14,1,310,2010
Wayne,WAYNE,Detroit City 153 Ward 6,1,310,2012
Wayne,WAYNE,Detroit City 195 Ward 3,1,310,2012
Wayne,WAYNE,Detroit City 248 Ward 2,1,310,2012
Allegan,ALLEGAN,Martin Township 1B,2,309,2008|2010
Wayne,WAYNE,Detroit City 89 Ward 3,1,309,2012
Gladwin,GLADWIN,Gladwin City 3 Ward 1,2,308,2016|2018
Wayne,WAYNE,Detroit City 17 Ward 12,2,308,2008|2010
Wayne,WAYNE,Detroit City 247 Ward 2,1,308,2012
Genesee,GENESEE,Flint City 33,2,305,2008|2010
Wayne,WAYNE,Detroit City 71 Ward 7,2,305,2008|2010
Oakland,OAKLAND,Pontiac City 9,2,304,2008|2010
Wayne,WAYNE,Detroit City 169 Ward 5,1,303,2012
Wayne,WAYNE,Detroit City 97 Ward 3,1,302,2012
Wayne,WAYNE,Detroit City 198 Ward 2,1,300,2012
Wayne,WAYNE,Detroit City 26 Ward 22,2,299,2008|2010
Wayne,WAYNE,Detroit City 56 Ward 15,2,298,2008|2010
Wayne,WAYNE,Detroit City 299 Ward 1,1,297,2012
Wayne,WAYNE,Detroit City 117 Ward 5,1,295,2012
Wayne,WAYNE,Detroit City 165 Ward 5,1,292,2012
Wayne,WAYNE,Detroit City 235 Ward 2,1,292,2012
Wayne,WAYNE,Detroit City 22 Ward 15,2,290,2008|2010
Gratiot,GRATIOT,Elba Township 2,1,288,2008
Wayne,WAYNE,Detroit City 364 Ward 7,1,288,2012
Iron,IRON,Mastodon Township 2,5,287,2010|2012|2014|2016|2018
Wayne,WAYNE,Detroit City 303 Ward 1,1,287,2012
Genesee,GENESEE,Flint City 16,2,286,2008|2010
Wayne,WAYNE,Detroit City 270 Ward 1,1,285,2012
Wayne,WAYNE,Detroit City 414 Ward 7,1,285,2012
Wayne,WAYNE,Detroit City 10 Ward 25,2,284,2008|2010
Wayne,WAYNE,Detroit City 15 Ward 26,2,284,2008|2010
Wayne,WAYNE,Detroit City 412 Ward 7,1,283,2012
Wayne,WAYNE,Detroit City 486 Ward 6,1,282,2012
Wayne,WAYNE,Detroit City 145 Ward 6,1,281,2012
Wayne,WAYNE,Detroit City 455,3,280,2014|2016|2018
Allegan,ALLEGAN,Casco Township 1A,2,280,2008|2010
Lake,LAKE,Webber Township 18,4,279,2008|2010|2012|2014
Wayne,WAYNE,Detroit City 39 Ward 12,2,279,2008|2010
Eaton,EATON,Lansing City 1 Ward 3,1,279,2010
Wayne,WAYNE,Detroit City 210 Ward 2,1,279,2012
Wayne,WAYNE,Detroit City 35 Ward 4,1,276,2012
Wayne,WAYNE,Detroit City 100 Ward 3,1,273,2012
Wayne,WAYNE,Detroit City 426 Ward 7,1,272,2012
Wayne,WAYNE,Detroit City 8 Ward 25,2,271,2008|2010
Wayne,WAYNE,Detroit City 211 Ward 2,1,270,2012
Wayne,WAYNE,Detroit City 340 Ward 7,1,270,2012
Wayne,WAYNE,Detroit City 362 Ward 1,1,270,2012
Wayne,WAYNE,Detroit City 467 Ward 6,1,270,2012
Wayne,WAYNE,Detroit City 255 Ward 2,1,269,2012
Wayne,WAYNE,Detroit City 269 Ward 1,1,268,2012
Wayne,WAYNE,Detroit City 37 Ward 11,2,267,2008|2010
Wayne,WAYNE,Detroit City 140 Ward 5,1,267,2012
Wayne,WAYNE,Detroit City 78 Ward 3,1,267,2012
Wayne,WAYNE,Detroit City 9 Ward 4,1,267,2012
Wayne,WAYNE,Detroit City 411 Ward 7,1,266,2012
Wayne,WAYNE,Detroit City 390 Ward 7,1,264,2012
Wayne,WAYNE,Detroit City 268 Ward 1,1,262,2012
Wayne,WAYNE,Detroit City 122 Ward 5,1,260,2012
Wayne,WAYNE,Detroit City 83 Ward 7,2,258,2008|2010
Wayne,WAYNE,Detroit City 487,3,257,2014|2016|2018
Wayne,WAYNE,Detroit City 138 Ward 5,1,257,2012
Wayne,WAYNE,Detroit City 322 Ward 1,1,257,2012
Wayne,WAYNE,Detroit City 391 Ward 2,1,257,2012
Arenac,ARENAC,Mason Township 21-S,1,256,2008
Wayne,WAYNE,Detroit City 267 Ward 1,1,256,2012
Wayne,WAYNE,Detroit City 462 Ward 6,1,256,2012
Washtenaw,WASHTENAW,Ann Arbor City 12 Ward 1,1,254,2018
Wayne,WAYNE,Detroit City 48,3,252,2014|2016|2018
Wayne,WAYNE,Detroit City 1 Ward 18,2,252,2008|2010
Genesee,GENESEE,Flint Township 18,2,251,2008|2010
Wayne,WAYNE,Detroit City 31 Ward 14,2,251,2008|2010
Wayne,WAYNE,Detroit City 199 Ward 2,1,251,2012
Wayne,WAYNE,Detroit City 206 Ward 2,1,251,2012
Wayne,WAYNE,Detroit City 350 Ward 1,1,251,2012
Wayne,WAYNE,Detroit City 154,3,250,2014|2016|2018
Arenac,ARENAC,Standish City 1 Ward 2,1,250,2008
Wayne,WAYNE,Detroit City 152 Ward 5,1,250,2012
Wayne,WAYNE,Detroit City 77 Ward 3,1,249,2012
Wayne,WAYNE,Detroit City 463 Ward 6,1,247,2012
Genesee,GENESEE,Flint City 27 Ward 4,4,246,2012|2014|2016|2018
Wayne,WAYNE,Detroit City 104 Ward 4,1,246,2012
Barry,BARRY,Castleton Township 1A,1,245,2008
Wayne,WAYNE,Detroit City 372 Ward 7,1,245,2012
Barry,BARRY,Orangeville Township 1B,1,244,2008
Wayne,WAYNE,Detroit City 107 Ward 3,1,244,2012
Wayne,WAYNE,Detroit City 81 Ward 24,2,243,2008|2010
Wayne,WAYNE,Detroit City 62 Ward 3,1,241,2012
Wayne,WAYNE,Detroit City 99,3,240,2014|2016|2018
Wayne,WAYNE,Detroit City 8 Ward 7,2,239,2008|2010
Wayne,WAYNE,Detroit City 175 Ward 3,1,239,2012
Wayne,WAYNE,Detroit City 32 Ward 23,2,238,2008|2010
Wayne,WAYNE,Detroit City 272 Ward 1,1,238,2012
Wayne,WAYNE,Detroit City 273 Ward 1,1,238,2012
Wayne,WAYNE,Detroit City 388 Ward 2,1,236,2012
Wayne,WAYNE,Detroit City 53 Ward 15,2,234,2008|2010
Wayne,WAYNE,Detroit City 24 Ward 4,1,234,2012
Barry,BARRY,Irving Township 1A,1,232,2008
Mason,MASON,Scottville City 1 Ward 2,1,232,2008
Wayne,WAYNE,Detroit City 440 Ward 5,1,232,2012
Wayne,WAYNE,Detroit City 23 Ward 23,2,231,2008|2010
Wayne,WAYNE,Detroit City 222 Ward 2,1,231,2012
Genesee,GENESEE,Flint City 13 Ward 2,4,227,2012|2014|2016|2018
Genesee,GENESEE,Flint City 24,2,227,2008|2010
Wayne,WAYNE,Detroit City 24 Ward 26,2,227,2008|2010
Arenac,ARENAC,Standish City 2,2,226,2016|2018
Wayne,WAYNE,Detroit City 29 Ward 22,2,225,2008|2010
Wayne,WAYNE,Detroit City 76 Ward 4,1,225,2012
Wayne,WAYNE,Detroit City 216 Ward 2,1,224,2012
Wayne,WAYNE,Detroit City 4 Ward 10,2,223,2008|2010
Wayne,WAYNE,Detroit City 492,1,220,2018
Wayne,WAYNE,Detroit City 19 Ward 20,2,219,2008|2010
Wayne,WAYNE,Detroit City 455 Ward 5,1,218,2012
Macomb,MACOMB,Gross Pointe Shores City 3,5,217,2010|2012|2014|2016|2018
Wayne,WAYNE,Detroit City 171 Ward 5,1,217,2012
Wayne,WAYNE,Detroit City 197 Ward 3,1,217,2012
Wayne,WAYNE,Detroit City 185 Ward 3,1,216,2012
Wayne,WAYNE,Detroit City 353 Ward 1,1,216,2012
Ottawa,OTTAWA,Holland City 2 Ward 4,1,214,2008
Wayne,WAYNE,Detroit City 54 Ward 4,1,213,2012
Wayne,WAYNE,Detroit City 224 Ward 2,1,212,2012
Wayne,WAYNE,Detroit City 442 Ward 5,1,209,2012
Wayne,WAYNE,Detroit City 479 Ward 6,1,206,2012
Arenac,ARENAC,Deep River Township 31-V,1,205,2008
Wayne,WAYNE,Detroit City 266 Ward 1,1,203,2012
Arenac,ARENAC,Turner Township 21-S,1,202,2008
Barry,BARRY,Woodland Township 1B,1,201,2008
Wayne,WAYNE,Detroit City 478,3,200,2014|2016|2018
Arenac,ARENAC,Standish City 1 Ward 3,1,200,2008
Wayne,WAYNE,Detroit City 105 Ward 4,1,198,2012
Barry,BARRY,Irving Township 1B,1,197,2008
Wayne,WAYNE,Detroit City 181 Ward 3,1,197,2012
Wayne,WAYNE,Detroit City 435 Ward 5,1,197,2012
Wayne,WAYNE,Detroit City 162 Ward 5,1,192,2012
Ontonagon,ONTONAGON,Bohemia Township 2,6,189,2008|2010|2012|2014|2016|2018
Genesee,GENESEE,Flint City 34 Ward 5,4,189,2012|2014|2016|2018
Wayne,WAYNE,Detroit City 465,3,189,2014|2016|2018
Jackson,JACKSON,Summit Township 9,2,186,2008|2010
Bay,BAY,Midland City 6 Ward 1,5,184,2008|2010|2014|2016|2018
Genesee,GENESEE,Flint City 30 Ward 5,4,184,2012|2014|2016|2018
Arenac,ARENAC,Standish City 3,2,184,2016|2018
Wayne,WAYNE,Detroit City 489 Ward 6,1,179,2012
Wayne,WAYNE,Detroit City 180 Ward 3,1,175,2012
Lake,LAKE,Ellsworth Township 20,4,172,2008|2010|2012|2014
Gladwin,GLADWIN,Beaverton City 2,1,166,2008
Wayne,WAYNE,Detroit City 44 Ward 7,2,165,2008|2010
Wayne,WAYNE,Detroit City 28,3,163,2014|2016|2018
Wayne,WAYNE,Detroit City 36 Ward 4,1,157,2012
Arenac,ARENAC,Au Gres Township 2,1,152,2008
Wayne,WAYNE,Detroit City 5 Ward 9,2,149,2008|2010
Wayne,WAYNE,Detroit City 31 Ward 11,2,148,2008|2010
Wayne,WAYNE,Detroit City 494,1,146,2018
Wayne,WAYNE,Detroit City 82 Ward 7,2,145,2008|2010
Wayne,WAYNE,Detroit City 155 Ward 5,1,144,2012
Genesee,GENESEE,Flint City 56,2,143,2008|2010
Wayne,WAYNE,Detroit City 487 Ward 6,1,142,2012
Mason,MASON,Scottville City 2 Ward 1,1,140,2010
Genesee,GENESEE,Flint Township 17,2,137,2008|2010
Genesee,GENESEE,Flint City 40,2,136,2008|2010
Wayne,WAYNE,Detroit City 71 Ward 22,2,136,2008|2010
Genesee,GENESEE,Flint City 31,2,135,2008|2010
Wayne,WAYNE,Detroit City 87,3,134,2014|2016|2018
Wayne,WAYNE,Detroit City 49 Ward 23,2,132,2008|2010
Genesee,GENESEE,Flint City 36 Ward 5,4,131,2012|2014|2016|2018
Wayne,WAYNE,Detroit City 99 Ward 5,1,131,2012
Ogemaw,OGEMAW,Rose City 1 Ward 2,4,130,2008|2010|2012|2014
Wayne,WAYNE,Detroit City 82 Ward 5,2,127,2008|2010
Gladwin,GLADWIN,Beaverton City 3,1,124,2008
Wayne,WAYNE,Detroit City 45 Ward 23,2,123,2008|2010
Wayne,WAYNE,Detroit City 81 Ward 19,2,118,2008|2010
Wayne,WAYNE,Detroit City 48 Ward 23,2,115,2008|2010
Wayne,WAYNE,Detroit City 28 Ward 4,1,110,2012
Ontonagon,ONTONAGON,Bergland Township 2,1,109,2008
Wayne,WAYNE,Detroit City 154 Ward 6,1,109,2012
Wayne,WAYNE,Detroit City 173 Ward 3,1,109,2012
Genesee,GENESEE,Flint City 52,2,108,2008|2010
Oakland,OAKLAND,Pontiac City 23,2,106,2008|2010
Wayne,WAYNE,Detroit City 478 Ward 6,1,105,2012
Wayne,WAYNE,Detroit City 81 Ward 9,2,101,2008|2010
Wayne,WAYNE,Detroit City 82 Ward 17,2,96,2008|2010
Wayne,WAYNE,Detroit City 28 Ward 7,2,87,2008|2010
Wayne,WAYNE,Detroit City 81 Ward 8,2,85,2008|2010
Barry,BARRY,Maple Grove Township 1A,1,84,2008
Midland,MIDLAND,Midland City 6 Ward 1,2,81,2014|2018
Wayne,WAYNE,Detroit City 456 Ward 5,1,79,2012
Kalamazoo,KALAMAZOO,Kalamazoo City 28,1,76,2010
Crawford,CRAWFORD,Grayling Township 7,2,72,2008|2010
Wayne,WAYNE,Detroit City 73 Ward 21,2,72,2008|2010
Arenac,ARENAC,Clayton Township 21-S,1,69,2008
Wayne,WAYNE,Detroit City 465 Ward 6,1,69,2012
Wayne,WAYNE,Detroit City 443 Ward 5,1,64,2012
Iron,IRON,Mansfield Township 2,6,60,2008|2010|2012|2014|2016|2018
Wayne,WAYNE,Detroit City 11 Ward 4,1,57,2012
Wayne,WAYNE,Detroit City 81 Ward 17,2,54,2008|2010
Bay,BAY,Midland City 1 Ward 1,1,54,2012
Macomb,MACOMB,Warren City 11 Ward 3,4,53,2012|2014|2016|2018
Wayne,WAYNE,Detroit City 503,1,51,2018
Wayne,WAYNE,Detroit City 87 Ward 3,1,50,2012
Genesee,GENESEE,Flint Township 20,2,42,2008|2010
Arenac,ARENAC,Turner Township 31-U,1,41,2008
Macomb,MACOMB,Lake Township 1,1,40,2008
St. Clair,ST. CLAIR,Columbus Township 2,1,40,2008
Wayne,WAYNE,Detroit City 101 Ward 3,1,37,2012
Arenac,ARENAC,Turner Township 41-W,1,36,2008
Arenac,ARENAC,Whitney Township 11-S,1,34,2008
Wayne,WAYNE,Detroit City 84 Ward 7,2,32,2008|2010
Barry,BARRY,Maple Grove Township 1B,1,28,2008
Wayne,WAYNE,Detroit City 459,3,26,2014|2016|2018
Oakland,OAKLAND,Fenton City 2,3,25,2014|2016|2018
Arenac,ARENAC,Mason Township 31-V,1,25,2008
Wayne,WAYNE,Detroit City 471 Ward 6,1,24,2012
Genesee,GENESEE,Flint City 30,2,23,2008|2010
Wayne,WAYNE,Detroit City 459 Ward 6,1,23,2012
Barry,BARRY,Assyria Township 1B,1,21,2008
Barry,BARRY,Carlton Township 1B,1,21,2008
Allegan,ALLEGAN,South Haven City 1,4,19,2012|2014|2016|2018
Wayne,WAYNE,Detroit City 40 Ward 23,2,12,2008|2010
Wayne,WAYNE,Detroit City 450 Ward 6,1,11,2012
Van Buren,VAN BUREN,South Haven City 2 Ward 3,1,10,2018
Wayne,WAYNE,Detroit City 458 Ward 6,1,10,2012
Allegan,ALLEGAN,South Haven City 0,1,8,2010
St. Clair,ST. CLAIR,Richmond City 1,3,7,2014|2016|2018
Barry,BARRY,Baltimore Township 1B,1,7,2008
Wayne,WAYNE,Detroit City 454 Ward 5,1,7,2012
Wayne,WAYNE,Detroit City 454,2,6,2016|2018
Wayne,WAYNE,Detroit City 441 Ward 5,1,4,2012
Wayne,WAYNE,Detroit City 90 Ward 3,1,4,2012
Wayne,WAYNE,Detroit City 109,2,1,2016|2018
Ingham,INGHAM,East Lansing City 17,2,0,2008|2018
Isabella,ISABELLA,Clare City 1,2,0,2008|2018
Wayne,WAYNE,Detroit City 81 Ward 13,2,0,2008|2010
Wayne,WAYNE,Detroit City 81 Ward 7,2,0,2008|2010
Berrien,BERRIEN,Benton Township 2B,1,0,2008
Berrien,BERRIEN,Niles Township 5B,1,0,2008
Berrien,BERRIEN,Pipestone Township 1B,1,0,2008
Berrien,BERRIEN,Weesaw Township 1B,1,0,2008
Calhoun,CALHOUN,Athens Township 1B,1,0,2008
Calhoun,CALHOUN,Athens Township 1V,1,0,2008
Calhoun,CALHOUN,Battle Creek City 15B,1,0,2008
Calhoun,CALHOUN,Battle Creek City 18B,1,0,2008
Calhoun,CALHOUN,Bedford Township 3B,1,0,2008
Calhoun,CALHOUN,Burlington Township 1B,1,0,2008
Calhoun,CALHOUN,Burlington Township 1C,1,0,2008
Calhoun,CALHOUN,Tekonsha Township 1B,1,0,2008
Genesee,GENESEE,Fenton City 2B,1,0,2008
Ingham,INGHAM,Lansing City 6 Ward 3,1,0,2008
Lapeer,LAPEER,Brown City 1,1,0,2018
Lenawee,LENAWEE,Tecumseh Township 3,1,0,2018
Ogemaw,OGEMAW,West Branch Township 2,1,0,2018
Ontonagon,ONTONAGON,Duncan Township 1,1,0,2018
Wayne,WAYNE,Detroit City 17 Ward 13,1,0,2008
Wayne,WAYNE,Detroit City 17 Ward 17,1,0,2008
Wayne,WAYNE,Detroit City 24 Ward 12,1,0,2010
